Id_vuelo,Aircompany,Origen,Destino,Distancia,avion,consumo_kg,duracion
Air_PaGi_10737,Airnar,París,Ginebra,411,Boeing 737,,51
Fly_BaRo_10737,FlyQ,Bali,Roma,12738,Boeing 737,33479.13254400001,1167
Tab_GiLo_11380,TabarAir,Ginebra,Los Angeles,9103,Airbus A380,,626
Mol_PaCi_10737,MoldaviAir,París,Cincinnati,6370,Boeing 737,17027.01,503
Tab_CiRo_10747,TabarAir,Cincinnati,Roma,7480,Boeing 747,86115.744,518
Mol_CaMe_10737,MoldaviAir,Cádiz,Melbourne,20029,Boeing 737,53148.15324000001,
Mol_PaLo_11320,MoldaviAir,París,Londres,344,Airbus A320,915.2464,44
Pam_PaMe_11380,PamPangea,París,Melbourne,16925,Airbus A380,217722.6584,1328
Pam_NuBa_10737,PamPangea,Nueva York,Bali,16589,Boeing 737,45277.61846400001,1459
Air_GiCa_11380,Airnar,Ginebra,Cádiz,,Airbus A380,,135
Tab_LoCi_10737,TabarAir,Los Angeles,Cincinnati,,Boeing 737,"7915,433400000001",
Mol_LoBa_11380,MoldaviAir,Londres,Bali,,Airbus A380,156721.6944,856
Tab_CiLo_10747,TabarAir,Cincinnati,Los Angeles,3073,Boeing 747,32758.18,224
Tab_GiLo_11380,TabarAir,Ginebra,Londres,739,Airbus A380,8542.84,69
Tab_CiRo_11320,TabarAir,Cincinnati,Roma,7480,Airbus A320,21087.85536,662
Tab_RoLo_10747,TabarAir,Roma,Los Angeles,10077,Boeing 747,,691
Mol_MeCa_10737,MoldaviAir,Melbourne,Cádiz,20029,Boeing 737,51629.634576,1721
Air_GiLo_10747,Airnar,Ginebra,Los Angeles,9103,Boeing 747,104801.0184,626
Pam_MePa_10737,PamPangea,Melbourne,París,16925,Boeing 737,46622.41740000001,1485
Pam_GiNu_11320,PamPangea,Ginebra,Nueva York,6206,Airbus A320,16200.1424,569
Mol_CaBa_10747,MoldaviAir,Cádiz,Bali,12798,Boeing 747,156072.12192,1053
Air_BaGi_11380,Airnar,Bali,Ginebra,,Airbus A380,146010.4296,845
Mol_LoBa_10737,MoldaviAir,Londres,Bali,12553,Boeing 737,33310.13868,1153
Air_BaCa_10737,Airnar,Bali,Cádiz,12798,Boeing 737,,1171
Tab_LoRo_10747,TabarAir,Londres,Roma,1433,Boeing 747,16803.358,115
Tab_CiLo_10747,TabarAir,Cincinnati,Los Angeles,3073,Boeing 747,"33740,9254",224
Pam_MeBa_10737,PamPangea,Melbourne,Bali,,Boeing 737,7158.148200000001,
Air_BaCi_10737,Airnar,Bali,Cincinnati,15011,Boeing 737,,1340
Mol_LoPa_10747,MoldaviAir,Londres,París,344,Boeing 747,"3813,7216",42
Tab_GiRo_11320,TabarAir,Ginebra,Roma,698,Airbus A320,1751.98,70
Mol_CaBa_10737,MoldaviAir,Cádiz,Bali,12798,Boeing 737,33960.26088000001,1171
Air_BaGi_11380,Airnar,Bali,Ginebra,12383,Airbus A380,144578.9548,845
Tab_CiRo_11320,TabarAir,Cincinnati,Roma,7480,Airbus A320,20892.59744,662
Fly_RoNu_11320,FlyQ,Roma,Nueva York,6877,Airbus A320,18131.238008,618
Mol_MeLo_10747,MoldaviAir,Melbourne,Londres,16900,Boeing 747,192980.9648,1326
Tab_LoLo_11320,TabarAir,Los Angeles,Londres,8785,Airbus A320,24078.9822,756
Fly_GiCi_10737,FlyQ,Ginebra,Cincinnati,6969,Boeing 737,,
Mol_BaMe_11320,MoldaviAir,Bali,Melbourne,2779,Airbus A320,7114.795799999999,
Air_GiLo_10747,Airnar,Ginebra,Los Angeles,9103,Boeing 747,106741.778,626
Pam_MeGi_11380,PamPangea,Melbourne,Ginebra,16674,Airbus A380,,
Fly_GiRo_10737,FlyQ,Ginebra,Roma,698,Boeing 737,1763.9856,73
Fly_BaGi_10737,FlyQ,Bali,Ginebra,12383,Boeing 737,31607.26077600001,
Mol_LoPa_11320,MoldaviAir,Londres,París,,Airbus A320,915.2464,44
Fly_BaGi_11320,FlyQ,Barcelona,Ginebra,,Airbus A320,"1822,26",
Tab_LoRo_11320,TabarAir,Los Angeles,Roma,10077,Airbus A320,27357.200832,
Air_CiPa_10747,Airnar,Cincinnati,París,,Boeing 747,,444
Pam_NuMe_10747,PamPangea,Nueva York,Melbourne,16082,Boeing 747,183640.229344,1272
Pam_NuPa_11380,PamPangea,Nueva York,París,5835,Airbus A380,72174.282,409
Fly_NuBa_11380,FlyQ,Nueva York,Bali,16589,Airbus A380,"199439,5936",1305
Mol_CaBa_10737,MoldaviAir,Cádiz,Bali,12798,Boeing 737,34607.12299200001,
Mol_CaBa_10747,MoldaviAir,Cádiz,Bali,,Boeing 747,153234.446976,1053
Mol_CiPa_11380,MoldaviAir,Cincinnati,París,6370,Airbus A380,78055.432,444
Air_GiLo_11320,Airnar,Ginebra,Los Angeles,9103,Airbus A320,24475.345336,779
Pam_PaGi_11380,PamPangea,París,Ginebra,411,Airbus A380,5083.7412,47
Tab_LoNu_11380,TabarAir,Londres,Nueva York,5566,Airbus A380,70133.8264,391
Fly_BaRo_10747,FlyQ,Barcelona,Roma,,Boeing 747,9797.9258,
Air_GiCi_11320,Airnar,Ginebra,Cincinnati,6969,Airbus A320,"18191,8776",624
Pam_NuBa_10747,PamPangea,Nueva York,Bali,16589,Boeing 747,"191268,781184",1305
Tab_RoNu_10737,TabarAir,Roma,Nueva York,6877,Boeing 737,18382.221,542
Tab_RoCi_11380,TabarAir,Roma,Cincinnati,7480,Airbus A380,89062.864,518
Air_BaCi_11380,Airnar,Bali,Cincinnati,15011,Airbus A380,189491.65872,1200
Tab_CiLo_10747,TabarAir,Cincinnati,Los Angeles,3073,Boeing 747,35378.8344,224
Pam_NuMe_10747,PamPangea,Nueva York,Melbourne,16082,Boeing 747,"180074,399648",1272
Tab_LoGi_11320,TabarAir,Londres,Ginebra,739,Airbus A320,1854.89,73
Tab_GiNu_11380,TabarAir,Ginebra,Nueva York,6206,Airbus A380,75328.428,433
Mol_LoCi_10747,MoldaviAir,Londres,Cincinnati,6284,Boeing 747,70336.812,438
Air_CiCa_10747,Airnar,Cincinnati,Cádiz,6624,Boeing 747,,
Mol_CiCa_11320,MoldaviAir,Cincinnati,Cádiz,6624,Airbus A320,18155.85408,600
Air_BaGi_10747,Airnar,Bali,GInEBrA,,Boeing 747,138602.919,845
Air_CaLo_11320,Airnar,Cádiz,Los Angeles,9373,Airbus A320,25445.970368,799
Fly_RoCi_11380,FlyQ,Roma,Cincinnati,7480,Airbus A380,90792.24,
Tab_RoCi_11380,TabarAir,Roma,Cincinnati,7480,Airbus A380,88198.176,
Air_BaCi_11380,Airnar,Bali,Cincinnati,15011,Airbus A380,191296.341184,1200
Fly_CiGi_11320,FlyQ,Cincinnati,Ginebra,,Airbus A320,18555.715152,624
Air_LoBa_10747,Airnar,Los Angeles,Bali,12845,Boeing 747,148101.00032,1056
Mol_MeCi_11380,MoldaviAir,Melbourne,Cincinnati,15262,Airbus A380,183485.8688,1217
Air_CiPa_11380,Airnar,Cincinnati,París,6370,Airbus A380,81000.92,444
Mol_PaLo_10747,MoldaviAir,París,Londres,344,Boeing 747,3850.392,
Fly_BaRo_10747,FlyQ,Bali,Roma,12738,Boeing 747,149691.676992,1049
Tab_LoGi_11380,TabarAir,Londres,Ginebra,739,Airbus A380,9140.8388,
Air_BaLo_11380,Airnar,Bali,Los Angeles,12845,Airbus A380,163337.02,876
Mol_BaPa_11380,MoldaviAir,Bali,París,11980,Airbus A380,149567.904,818
Mol_BaCi_10747,MoldaviAir,Bali,Cincinnati,15011,Boeing 747,,1200
Tab_RoNu_11320,TabarAir,Roma,Nueva York,6877,Airbus A320,18131.238008,618
Tab_GiRo_11380,TabarAir,Ginebra,Roma,698,Airbus A380,8068.88,66
Fly_BaBa_11380,FlyQ,Barcelona,Bali,,Airbus A380,169547.579136,1070
Fly_GiRo_10747,FlyQ,Ginebra,Roma,,Boeing 747,8110.341200000001,
Tab_LoGi_11380,TabarAir,Los Angeles,Ginebra,9103,Airbus A380,112596.8276,626
Tab_CiLo_11320,TabarAir,Cincinnati,Los Angeles,3073,Airbus A320,8098.8915,242
Air_CiLo_10747,Airnar,Cincinnati,Los Angeles,3073,Boeing 747,"34068,5072",224
Air_PaCa_10747,Airnar,París,Cádiz,1447,Boeing 747,"16504,7714",116
Pam_GiLo_11320,PamPangea,Ginebra,Londres,739,Airbus A320,2003.2812,
Tab_CiRo_11380,TabarAir,Cincinnati,Roma,7480,Airbus A380,87333.488,518
Fly_BaGi_11320,FlyQ,Barcelona,Ginebra,,Airbus A320,1805.694,67
Tab_LoGi_11320,TabarAir,Los Angeles,Ginebra,9103,Airbus A320,26138.71832,779
Mol_BaLo_10747,MoldaviAir,Bali,Londres,12553,Boeing 747,137829.4294,856
Air_BaCa_10747,Airnar,Bali,Cádiz,12798,Boeing 747,141883.7472,1053
Air_PaCa_11320,Airnar,París,Cádiz,1447,Airbus A320,3922.5276,124
Tab_LoGi_11380,TabarAir,Los Angeles,Ginebra,9103,Airbus A380,108387.6004,626
Air_BaCi_10737,Airnar,Bali,Cincinnati,,Boeing 737,37935.7992,1340
Tab_LoRo_11380,TabarAir,Londres,Roma,1433,Airbus A380,16731.1348,115
Fly_GiBa_10747,FlyQ,Ginebra,BARcelOnA,660,Boeing 747,,64
Fly_CiRo_10747,FlyQ,Cincinnati,Roma,7480,Boeing 747,87710.48000000001,518
Fly_NuCi_11320,FlyQ,Nueva York,Cincinnati,911,Airbus A320,2286.61,86
Mol_MeCi_10737,MoldaviAir,Melbourne,Cincinnati,15262,Boeing 737,41270.03524800001,1359
Mol_CaLo_11380,MoldaviAir,Cádiz,Londres,1716,Airbus A380,20432.0688,134
Pam_BaGi_10737,PamPangea,Bali,Ginebra,12383,Boeing 737,32859.03348000001,1140
Air_LoCa_10747,Airnar,Los Angeles,Cádiz,9373,Boeing 747,102913.6654,644
Mol_BaMe_11380,MoldaviAir,Bali,Melbourne,2779,Airbus A380,33731.502,
Fly_BaRo_10737,FlyQ,Bali,Roma,12738,Boeing 737,33157.21780800001,1167
Pam_NuLo_11380,PamPangea,Nueva York,Londres,,Airbus A380,68203.53760000001,391
Mol_MePa_10747,MoldaviAir,Melbourne,París,16925,Boeing 747,198895.5592,1328
Air_GiCi_10747,Airnar,Ginebra,Cincinnati,6969,Boeing 747,76518.2262,
Air_GiLo_10737,Airnar,Ginebra,Los Angeles,,Boeing 737,"22562,6958",
Tab_LoCi_10747,TabarAir,Los Angeles,Cincinnati,3073,Boeing 747,"36033,998",224
Pam_BaPa_10747,PamPangea,Bali,París,11980,Boeing 747,132815.072,818
Pam_NuLo_10737,PamPangea,Nueva York,Londres,5566,Boeing 737,13660.6338,
Mol_CiBa_10737,MoldaviAir,Cincinnati,Bali,15011,Boeing 737,40591.30514400001,1340
Pam_BaMe_11320,PamPangea,Bali,MelBOUrnE,2779,Airbus A320,7533.3132,221
Pam_LoGi_10737,PamPangea,Londres,Ginebra,739,Boeing 737,1849.6431,76
Tab_NuCi_11380,TabarAir,Nueva York,Cincinnati,911,Airbus A380,10636.4716,80
Tab_LoLo_11380,TabarAir,Los Angeles,Londres,8785,Airbus A380,108663.422,605
Pam_NuBa_10747,PamPangea,Nueva York,Bali,16589,Boeing 747,185751.412496,1305
Mol_CaPa_11380,MoldaviAir,Cádiz,París,1447,Airbus A380,18400.052,116
Fly_GiBa_10747,FlyQ,Ginebra,Bali,12383,Boeing 747,137282.8912,845
Air_CaLo_11380,Airnar,Cádiz,Los Angeles,9373,Airbus A380,111602.4364,644
Fly_BaGi_11320,FlyQ,Barcelona,GinEbra,660,Airbus A320,1689.732,67
Mol_LoBa_10747,MoldaviAir,Londres,Bali,12553,Boeing 747,133814.98,856
Tab_RoGi_10747,TabarAir,Roma,Ginebra,,Boeing 747,8035.934400000001,66
Pam_BaNu_10737,PamPangea,Bali,Nueva York,16589,Boeing 737,"43181,43242400001",
Mol_PaBa_10747,MoldaviAir,París,Bali,11980,Boeing 747,134092.14,
Air_CiPa_10737,Airnar,Cincinnati,París,,Boeing 737,,503
Air_LoBa_10747,Airnar,Los Angeles,Bali,,Boeing 747,"149525,0484",1056
Pam_NuPa_10737,PamPangea,Nueva York,París,5835,Boeing 737,14179.05,463
Tab_RoLo_11320,TabarAir,Roma,Los Angeles,10077,Airbus A320,27357.200832,
Mol_MeBa_10747,MoldaviAir,Melbourne,Bali,2779,Boeing 747,31697.8298,205
Fly_CiNu_10747,FlyQ,Cincinnati,Nueva York,911,Boeing 747,10585.2734,80
Tab_RoLo_11380,TabarAir,Roma,Los Angeles,10077,Airbus A380,"119984,8236",691
Fly_CiGi_11320,FlyQ,Cincinnati,GInebRA,6969,Airbus A320,19283.390256,
Mol_MeCa_10737,MoldaviAir,Melbourne,Cádiz,,Boeing 737,,1721
Air_PaGi_11380,Airnar,París,GINEbRA,411,Airbus A380,,47
Pam_PaBa_11380,PamPangea,París,Bali,11980,Airbus A380,148183.016,
Pam_NuBa_11380,PamPangea,Nueva York,Bali,16589,Airbus A380,205422.781408,1305
Fly_GiBa_10747,FlyQ,Ginebra,Bali,12383,Boeing 747,"141242,9746",845
Air_LoBa_11380,Airnar,Los Angeles,Bali,12845,Airbus A380,,876
Pam_MePa_10737,PamPangea,Melbourne,París,16925,Boeing 737,44911.503,
Tab_CiLo_11320,TabarAir,Cincinnati,Los Angeles,3073,Airbus A320,8253.1561,242
Pam_NuGi_10737,PamPangea,Nueva York,Ginebra,6206,Boeing 737,15231.3858,491
Mol_CaPa_11320,MoldaviAir,Cádiz,París,,Airbus A320,3995.167,124
Air_CiPa_10747,Airnar,Cincinnati,París,6370,Boeing 747,74694.62000000001,444
Pam_LoPa_10747,PamPangea,Londres,París,344,Boeing 747,3740.3808,42
Tab_CiGi_11380,TabarAir,Cincinnati,GIneBra,6969,Airbus A380,,484
Fly_CiGi_10737,FlyQ,Cincinnati,Ginebra,6969,Boeing 737,17781.4035,549
Tab_LoRo_10747,TabarAir,Los Angeles,Roma,10077,Boeing 747,,691
Tab_NuRo_10737,TabarAir,Nueva York,Roma,6877,Boeing 737,"17379,5544",542
Fly_GiNu_10747,FlyQ,Ginebra,Nueva York,6206,Boeing 747,69463.75800000002,433
Mol_CiCa_10747,MoldaviAir,Cincinnati,Cádiz,6624,Boeing 747,76966.9056,461
Fly_CiRo_10747,FlyQ,Cincinnati,Roma,7480,Boeing 747,83723.64,518
Air_LoCi_11320,Airnar,Los Angeles,Cincinnati,3073,Airbus A320,8330.2884,242
Fly_RoNu_11320,FlyQ,Roma,Nueva York,6877,Airbus A320,19028.824048,618
Pam_GiPa_10747,PamPangea,Ginebra,París,411,Boeing 747,,47
Tab_RoLo_10747,TabarAir,Roma,Londres,1433,Boeing 747,16345.0846,115
Tab_LoCi_11320,TabarAir,Los Angeles,Cincinnati,3073,Airbus A320,8176.0238,242
Tab_NuLo_10747,TabarAir,Nueva York,Los Angeles,3944,Boeing 747,42463.4704,282
Tab_NuCi_10747,TabarAir,Nueva York,Cincinnati,911,Boeing 747,,80
Tab_LoNu_11320,TabarAir,Los Angeles,Nueva York,,Airbus A320,,305
Pam_BaPa_11380,PamPangea,Bali,París,11980,Airbus A380,150952.792,818
Pam_GiMe_10747,PamPangea,Ginebra,Melbourne,16674,Boeing 747,194097.36528,1311
Fly_NuRo_10747,FlyQ,Nueva York,Roma,6877,Boeing 747,74041.9082,478
Tab_GiRo_10737,TabarAir,Ginebra,Roma,698,Boeing 737,1747.0242,73
Tab_GiLo_10737,TabarAir,Ginebra,Los Angeles,9103,Boeing 737,22120.29,
Pam_LoBa_10737,PamPangea,Londres,Bali,12553,Boeing 737,32992.899264,1153
Fly_GiNu_11320,FlyQ,Ginebra,Nueva York,,Airbus A320,17010.14952,
Fly_NuBa_10747,FlyQ,Nueva York,Bali,16589,Boeing 747,194947.026976,
Tab_NuGi_11380,TabarAir,Nueva York,GINebRa,6206,Airbus A380,76763.2552,
Air_GiLo_10737,Airnar,Ginebra,Los Angeles,9103,Boeing 737,,711
Fly_NuRo_11320,FlyQ,Nueva York,Roma,6877,Airbus A320,"18490,272424",
Tab_GiLo_10737,TabarAir,Ginebra,Londres,,Boeing 737,,76
Fly_NuGi_11380,FlyQ,Nueva York,GINEbRa,6206,Airbus A380,73176.1872,433
Tab_LoNu_10737,TabarAir,Londres,Nueva York,5566,Boeing 737,14472.1566,442
Mol_BaCa_11380,MoldaviAir,Bali,Cádiz,12798,Airbus A380,156821.5728,873
Mol_CiCa_11380,MoldaviAir,Cincinnati,Cádiz,6624,Airbus A380,79636.3776,461
Pam_BaLo_11380,PamPangea,Bali,Londres,12553,Airbus A380,,856
Fly_NuBa_10747,FlyQ,Nueva York,Barcelona,6170,Boeing 747,71033.976,431
Mol_LoMe_11380,MoldaviAir,Londres,MeLbourne,16900,Airbus A380,213337.488,1326
Pam_NuGi_11320,PamPangea,Nueva York,GiNeBra,6206,Airbus A320,17334.152368,569
Fly_RoCi_10747,FlyQ,Roma,Cincinnati,7480,Boeing 747,79736.8,
Air_PaCa_11380,Airnar,París,Cádiz,1447,Airbus A380,17229.1396,116
Tab_NuLo_11320,TabarAir,Nueva York,Londres,,Airbus A320,15982.43504,523
Fly_BaNu_10747,FlyQ,Barcelona,Nueva York,6170,Boeing 747,70376.254,431
Air_GiPa_10747,Airnar,Ginebra,París,411,Boeing 747,4468.885200000001,47
Mol_BaMe_10747,MoldaviAir,Bali,Melbourne,2779,Boeing 747,29624.14,
Mol_CaBa_11380,MoldaviAir,Cádiz,Bali,12798,Airbus A380,147944.88,873
Fly_CiBa_10747,FlyQ,Cincinnati,Barcelona,6763,Boeing 747,72814.51580000001,470
Fly_RoNu_11320,FlyQ,Roma,Nueva York,6877,Airbus A320,"19387,858464",618
Tab_LoGi_10737,TabarAir,Los Angeles,Ginebra,9103,Boeing 737,,711
Tab_GiCi_10747,TabarAir,Ginebra,Cincinnati,6969,Boeing 747,75775.33080000001,
Tab_GiNu_10747,TabarAir,Ginebra,Nueva York,6206,Boeing 747,72771.55600000001,
Air_CaPa_11380,Airnar,Cádiz,París,1447,Airbus A380,17730.9592,116
Fly_BaNu_10747,FlyQ,Bali,Nueva York,16589,Boeing 747,200464.395664,1305
Mol_LoCa_10747,MoldaviAir,Londres,Cádiz,1716,Boeing 747,19024.2624,
Mol_CiMe_10747,MoldaviAir,Cincinnati,Melbourne,15262,Boeing 747,184428.694112,
Pam_BaMe_11320,PamPangea,Bali,Melbourne,2779,Airbus A320,7254.301599999999,221
Fly_CiGi_11380,FlyQ,Cincinnati,Ginebra,6969,Airbus A380,82978.4892,484
Tab_CiNu_10737,TabarAir,Cincinnati,Nueva York,,Boeing 737,2390.8284,89
Mol_LoCi_10747,MoldaviAir,Londres,Cincinnati,6284,Boeing 747,71006.6864,438
Air_LoCi_10737,Airnar,Los Angeles,Cincinnati,3073,Boeing 737,,
Air_PaCi_11320,Airnar,París,Cincinnati,6370,Airbus A320,17792.22536,581
Mol_LoCi_11320,MoldaviAir,Londres,Cincinnati,6284,Airbus A320,17552.016352,575
Tab_GiCi_10747,TabarAir,Ginebra,Cincinnati,6969,Boeing 747,80232.70320000002,484
Mol_MeCa_11380,MoldaviAir,Melbourne,Cádiz,20029,Airbus A380,248020.549088,1535
Fly_CiNu_10747,FlyQ,Cincinnati,Nueva York,911,Boeing 747,10488.1608,80
Mol_LoBa_10747,MoldaviAir,Londres,Bali,12553,Boeing 747,,
Air_GiPa_10747,Airnar,Ginebra,París,411,Boeing 747,4425.0726,47
Tab_RoLo_10747,TabarAir,Roma,Londres,1433,Boeing 747,16803.358,115
Mol_CiMe_10737,MoldaviAir,Cincinnati,MelbOUrnE,,Boeing 737,40498.63272,1359
Fly_BaBa_10747,FlyQ,Barcelona,Bali,13058,Boeing 747,"152004,52176",1070
Fly_BaGi_10737,FlyQ,Barcelona,Ginebra,660,Boeing 737,1635.876,70
Fly_BaCi_11320,FlyQ,Barcelona,Cincinnati,6763,Airbus A320,18007.217904,610
Pam_BaGi_11380,PamPangea,Bali,GIneBrA,,Airbus A380,,845
Mol_LoCa_11320,MoldaviAir,Londres,Cádiz,1716,Airbus A320,4737.876,144
Tab_NuLo_11320,TabarAir,Nueva York,Londres,5566,Airbus A320,15255.96072,523
Fly_NuBa_10747,FlyQ,Nueva York,Barcelona,6170,Boeing 747,72349.42,431
Air_CiLo_11320,Airnar,Cincinnati,Los Angeles,3073,Airbus A320,,242
Pam_GiPa_11320,PamPangea,Ginebra,París,411,Airbus A320,"1124,4549",49
Air_PaCa_10747,Airnar,París,Cádiz,1447,Boeing 747,15733.5204,116
Tab_LoLo_10737,TabarAir,Los Angeles,Londres,8785,Boeing 737,22201.452,687
Air_CiLo_10747,Airnar,Cincinnati,Los Angeles,3073,Boeing 747,35378.8344,224
Tab_LoLo_10747,TabarAir,Londres,Los Angeles,8785,Boeing 747,93648.1,605
Fly_BaRo_11320,FlyQ,Barcelona,Roma,859,Airbus A320,2307.0163,82
Pam_LoPa_10737,PamPangea,Londres,París,344,Boeing 737,877.7160000000001,46
Pam_MePa_10747,PamPangea,Melbourne,París,,Boeing 747,195142.8128,1328
Fly_BaGi_10737,FlyQ,Bali,Ginebra,12383,Boeing 737,32546.090304,
Mol_BaCi_11380,MoldaviAir,Bali,Cincinnati,15011,Airbus A380,194905.706112,1200
Fly_BaGi_11380,FlyQ,Bali,Ginebra,12383,Airbus A380,148873.3792,845
Mol_BaLo_11380,MoldaviAir,Bali,Londres,12553,Airbus A380,,856
Air_LoGi_10737,Airnar,Los Angeles,GinEbra,,Boeing 737,22783.8987,
Pam_NuPa_11320,PamPangea,Nueva York,París,5835,Airbus A320,16145.58504,542
Tab_LoGi_11380,TabarAir,Los Angeles,Ginebra,9103,Airbus A380,111544.5208,
Tab_LoNu_11380,TabarAir,Londres,Nueva York,5566,Airbus A380,70133.8264,391
Air_CiLo_11380,Airnar,Cincinnati,Los Angeles,,Airbus A380,39076.26800000001,224
Air_GiBa_10747,Airnar,Ginebra,Bali,12383,Boeing 747,133322.8078,845
Mol_MeLo_10747,MoldaviAir,Melbourne,Londres,16900,Boeing 747,198601.7696,1326
Pam_MePa_10737,PamPangea,Melbourne,París,,Boeing 737,44483.7744,1485
Tab_RoLo_11320,TabarAir,Roma,Los Angeles,,Airbus A320,,850
Fly_RoNu_10737,FlyQ,Roma,Nueva York,6877,Boeing 737,16878.2211,542
Pam_GiBa_11380,PamPangea,Ginebra,Bali,12383,Airbus A380,154599.2784,845
Fly_RoCi_10737,FlyQ,Roma,Cincinnati,,Boeing 737,19266.984,588
Tab_RoGi_11380,TabarAir,Roma,Ginebra,698,Airbus A380,8310.9464,66
Mol_LoMe_10747,MoldaviAir,Londres,Melbourne,16900,Boeing 747,202348.9728,1326
Mol_PaMe_10737,MoldaviAir,París,Melbourne,16925,Boeing 737,44056.04580000001,1485
Tab_NuRo_10747,TabarAir,Nueva York,Roma,6877,Boeing 747,"76241,17280000001",478
Mol_MePa_10747,MoldaviAir,Melbourne,París,16925,Boeing 747,191390.0664,1328
Mol_MeCa_11380,MoldaviAir,Melbourne,Cádiz,20029,Airbus A380,264876.3145600001,1535
Tab_LoNu_10737,TabarAir,Londres,Nueva York,5566,Boeing 737,14877.918,
Pam_MeGi_11380,PamPangea,Melbourne,Ginebra,16674,Airbus A380,,1311
Tab_NuGi_11380,TabarAir,Nueva York,Ginebra,6206,Airbus A380,,433
Tab_LoCi_10747,TabarAir,Los Angeles,Cincinnati,3073,Boeing 747,36033.998,224
Mol_LoPa_10747,MoldaviAir,Londres,París,344,Boeing 747,3740.3808,
Tab_GiCi_11320,TabarAir,Ginebra,Cincinnati,6969,Airbus A320,19829.146584,624
Mol_CaMe_11380,MoldaviAir,Cádiz,Melbourne,,Airbus A380,264876.3145600001,1535
Pam_NuGi_11380,PamPangea,Nueva York,Ginebra,6206,Airbus A380,75328.428,433
Tab_GiLo_11380,TabarAir,Ginebra,Londres,739,Airbus A380,8799.1252,69
Fly_BaNu_11380,FlyQ,Bali,Nueva York,16589,Airbus A380,"211405,969216",1305
Tab_CiLo_11320,TabarAir,Cincinnati,Londres,6284,Airbus A320,"16731,828672",575
Mol_MeLo_11380,MoldaviAir,Melbourne,Londres,16900,Airbus A380,211305.7024,1326
Mol_BaPa_11380,MoldaviAir,Bali,París,11980,Airbus A380,"148183,016",818
Mol_PaMe_11380,MoldaviAir,París,Melbourne,16925,Airbus A380,207548.7024,
Fly_NuGi_10737,FlyQ,Nueva York,Ginebra,6206,Boeing 737,15683.8032,491
Pam_NuGi_10737,PamPangea,Nueva York,Ginebra,6206,Boeing 737,15532.9974,491
Mol_LoCa_10737,MoldaviAir,Londres,Cádiz,1716,Boeing 737,,150
Fly_BaNu_10747,FlyQ,Barcelona,Nueva York,6170,Boeing 747,66429.92199999999,431
Air_GiPa_11320,Airnar,Ginebra,París,,Airbus A320,1124.4549,49
Tab_CiGi_11380,TabarAir,Cincinnati,Ginebra,6969,Airbus A380,85395.33840000001,484
Tab_LoRo_10747,TabarAir,Los Angeles,Roma,,Boeing 747,107420.82,691
Pam_NuBa_10747,PamPangea,Nueva York,Bali,16589,Boeing 747,185751.412496,1305
Pam_MeLo_11380,PamPangea,Melbourne,Londres,16900,Airbus A380,215369.2736,1326
Air_PaCa_10747,Airnar,París,Cádiz,1447,Boeing 747,15425.02,116
Pam_PaNu_10737,PamPangea,París,Nueva York,5835,Boeing 737,15171.5835,
Pam_BaNu_11380,PamPangea,Bali,Nueva York,16589,Airbus A380,219383.55296,1305
Tab_LoNu_10737,TabarAir,Londres,Nueva York,5566,Boeing 737,13795.8876,442
Pam_GiBa_11380,PamPangea,Ginebra,Bali,12383,Airbus A380,,845
Pam_GiPa_11320,PamPangea,Ginebra,París,411,Airbus A320,1083.1905,49
Fly_BaCi_10747,FlyQ,Bali,Cincinnati,15011,Boeing 747,181395.565936,1200
Air_PaBa_10737,Airnar,París,Bali,11980,Boeing 737,30881.37312,1029
Tab_LoLo_11320,TabarAir,Los Angeles,Londres,8785,Airbus A320,,756
Fly_NuRo_10747,FlyQ,Nueva York,Roma,6877,Boeing 747,78440.43740000001,478
Air_CaCi_11380,Airnar,Cádiz,Cincinnati,6624,Airbus A380,83465.04960000001,461
Mol_PaLo_10737,MoldaviAir,París,Londres,344,Boeing 737,835.9200000000001,46
Mol_PaCi_11380,MoldaviAir,París,Cincinnati,6370,Airbus A380,75846.316,444
Mol_MeLo_11380,MoldaviAir,Melbourne,Londres,16900,Airbus A380,207242.1312,1326
Air_PaBa_11380,Airnar,París,Bali,,Airbus A380,142643.464,818
Pam_MePa_11380,PamPangea,Melbourne,París,16925,Airbus A380,207548.7024,1328
Fly_BaGi_10737,FlyQ,Barcelona,Ginebra,,Boeing 737,1716.066,70
Mol_MeCi_11380,MoldaviAir,Melbourne,Cincinnati,15262,Airbus A380,,1217
Tab_LoCi_10737,TabarAir,Los Angeles,Cincinnati,3073,Boeing 737,7840.759500000001,
Fly_NuBa_10747,FlyQ,Nueva York,Barcelona,6170,Boeing 747,66429.92199999999,431
Air_CiBa_10737,Airnar,Cincinnati,Bali,15011,Boeing 737,40211.94715200001,1340
Pam_MeGi_10737,PamPangea,Melbourne,Ginebra,16674,Boeing 737,"46352,38608000001",1466
Mol_LoBa_10747,MoldaviAir,Londres,Bali,12553,Boeing 747,"133814,98",
Mol_MeBa_10737,MoldaviAir,Melbourne,Bali,2779,Boeing 737,7225.677900000001,
Pam_LoBa_10747,PamPangea,Londres,Bali,12553,Boeing 747,144520.1784,856
Mol_PaBa_11380,MoldaviAir,París,Bali,11980,Airbus A380,142643.464,818
Tab_RoLo_10737,TabarAir,Roma,Los Angeles,10077,Boeing 737,25221.7233,785
Tab_NuGi_11320,TabarAir,Nueva York,GiNEbRa,6206,Airbus A320,17172.150944,569
Pam_LoPa_11380,PamPangea,Londres,París,344,Airbus A380,"4175,472000000001",42
Tab_LoLo_10747,TabarAir,Los Angeles,Londres,8785,Boeing 747,,605
Air_GiCi_10747,Airnar,Ginebra,Cincinnati,6969,Boeing 747,,484
Fly_BaBa_10737,FlyQ,Bali,Barcelona,13058,Boeing 737,33330.17937600001,1191
Mol_PaCa_11320,MoldaviAir,París,Cádiz,1447,Airbus A320,3922.5276,124
Tab_LoNu_11380,TabarAir,Los Angeles,Nueva York,3944,Airbus A380,"47872,272",282
Tab_CiNu_10747,TabarAir,Cincinnati,Nueva York,911,Boeing 747,10488.1608,80
Pam_MePa_10747,PamPangea,Melbourne,París,,Boeing 747,193266.4396,1328
Fly_BaGi_11380,FlyQ,Barcelona,Ginebra,660,Airbus A380,,64
Pam_PaNu_11320,PamPangea,París,Nueva York,5835,Airbus A320,15231.684,542
Mol_LoBa_10747,MoldaviAir,Londres,Bali,,Boeing 747,140505.729,856
Air_BaPa_10747,Airnar,Bali,París,11980,Boeing 747,128983.868,818
Fly_GiNu_10747,FlyQ,Ginebra,Nueva York,6206,Boeing 747,70786.87720000002,433
Air_BaPa_11380,Airnar,Bali,París,11980,Airbus A380,146798.128,
Pam_PaMe_10737,PamPangea,París,Melbourne,16925,Boeing 737,43200.5886,1485
Fly_RoBa_10747,FlyQ,Roma,Barcelona,859,Boeing 747,,77
Fly_GiCi_11320,FlyQ,Ginebra,Cincinnati,,Airbus A320,18555.715152,624
Mol_BaLo_10747,MoldaviAir,Bali,Londres,12553,Boeing 747,141843.8788,856
Fly_BaNu_11380,FlyQ,Bali,Nueva York,16589,Airbus A380,217389.157024,1305
Tab_NuRo_10747,TabarAir,Nueva York,Roma,6877,Boeing 747,77707.34920000001,
Fly_CiGi_10737,FlyQ,Cincinnati,GINebra,6969,Boeing 737,17781.4035,549
Mol_CaPa_10747,MoldaviAir,Cádiz,París,1447,Boeing 747,15887.7706,116
Mol_LoCa_10747,MoldaviAir,Londres,Cádiz,1716,Boeing 747,19755.9648,134
Mol_MeCi_10737,MoldaviAir,Melbourne,Cincinnati,15262,Boeing 737,39341.52892800001,1359
Mol_CiMe_11380,MoldaviAir,Cincinnati,Melbourne,15262,Airbus A380,199999.596992,1217
Mol_PaMe_10737,MoldaviAir,París,MeLboURnE,,Boeing 737,,1485
Mol_BaPa_11380,MoldaviAir,Bali,París,11980,Airbus A380,,818
Pam_LoNu_11320,PamPangea,Londres,Nueva York,,Airbus A320,15546.550448,
Tab_LoGi_10737,TabarAir,Londres,Ginebra,739,Boeing 737,1831.6854,
Tab_RoCi_10737,TabarAir,Roma,Cincinnati,7480,Boeing 737,18539.928,588
Fly_NuCi_10747,FlyQ,Nueva York,Cincinnati,911,Boeing 747,10682.386,80
Fly_NuBa_10747,FlyQ,Nueva York,Barcelona,6170,Boeing 747,69718.532,431
Air_PaBa_11380,Airnar,París,Bali,,Airbus A380,,818
Air_GiPa_11380,Airnar,Ginebra,París,411,Airbus A380,4893.6948,47
Mol_BaCa_11380,MoldaviAir,Bali,Cádiz,12798,Airbus A380,,873
Mol_PaCa_10737,MoldaviAir,París,Cádiz,1447,Boeing 737,3516.21,129
Tab_LoGi_11380,TabarAir,Londres,GinebrA,739,Airbus A380,8799.1252,69
Pam_LoPa_11320,PamPangea,Londres,París,344,Airbus A320,949.784,44
Mol_LoPa_11380,MoldaviAir,Londres,París,344,Airbus A380,4255.004800000001,42
Tab_CiNu_10737,TabarAir,Cincinnati,Nueva York,,Boeing 737,2412.9657,89
Pam_GiMe_10737,PamPangea,Ginebra,Melbourne,16674,Boeing 737,45509.615424,1466
Fly_BaBa_11380,FlyQ,Bali,Barcelona,13058,Airbus A380,169547.579136,1070
Tab_RoLo_10737,TabarAir,Roma,Los Angeles,10077,Boeing 737,25221.7233,785
Air_PaGi_10737,Airnar,París,GINEbRa,411,Boeing 737,"1068,6411",51
Mol_BaLo_11380,MoldaviAir,Bali,Londres,12553,Airbus A380,148014.9336,856
Air_PaBa_10747,Airnar,París,Bali,,Boeing 747,134092.14,818
Pam_BaLo_10737,PamPangea,Bali,Londres,12553,Boeing 737,32992.899264,1153
Pam_PaGi_11320,PamPangea,París,GiNebrA,411,Airbus A320,1072.8744,49
Air_CiLo_10747,Airnar,Cincinnati,Los Angeles,3073,Boeing 747,,224
Pam_MeLo_11380,PamPangea,Melbourne,Londres,16900,Airbus A380,223496.416,1326
Air_PaCi_10737,Airnar,París,Cincinnati,6370,Boeing 737,16407.846,503
Fly_CiGi_11320,FlyQ,Cincinnati,Ginebra,6969,Airbus A320,20011.06536,624
Tab_LoRo_10747,TabarAir,Los Angeles,Roma,10077,Boeing 747,111717.6528,691
Pam_BaGi_10747,PamPangea,Bali,Ginebra,12383,Boeing 747,"143883,0302",845
Pam_GiLo_11380,PamPangea,Ginebra,Londres,739,Airbus A380,,69
Fly_BaNu_11320,FlyQ,Barcelona,Nueva York,,Airbus A320,"17555,72312",567
Tab_NuGi_11380,TabarAir,Nueva York,Ginebra,6206,Airbus A380,75328.428,433
Mol_BaPa_10737,MoldaviAir,Bali,París,11980,Boeing 737,,1029
Pam_MePa_10737,PamPangea,Melbourne,París,16925,Boeing 737,43628.3172,1485
Mol_BaMe_10737,MoldaviAir,Bali,Melbourne,2779,Boeing 737,6955.5591,
Tab_NuLo_10737,TabarAir,Nueva York,Los Angeles,,Boeing 737,9583.92,319
Tab_LoCi_10747,TabarAir,Los Angeles,Cincinnati,3073,Boeing 747,,
Tab_NuLo_10747,TabarAir,Nueva York,Los Angeles,3944,Boeing 747,45826.91360000001,282
Pam_MePa_11380,PamPangea,Melbourne,París,,Airbus A380,213653.076,
Tab_LoGi_10737,TabarAir,Londres,Ginebra,739,Boeing 737,1849.6431,76
Tab_NuGi_10747,TabarAir,Nueva York,Ginebra,6206,Boeing 747,68140.63880000002,433
Air_BaCi_11380,Airnar,Bali,Cincinnati,15011,Airbus A380,,1200
Air_CaGi_10747,Airnar,Cádiz,Ginebra,1725,Boeing 747,18940.155,135
Pam_PaGi_11320,PamPangea,París,Ginebra,411,Airbus A320,"1103,8227",49
Tab_NuRo_11320,TabarAir,Nueva York,Roma,6877,Airbus A320,19208.341256,618
Pam_LoNu_10747,PamPangea,Londres,Nueva York,5566,Boeing 747,,
Air_GiCi_10747,Airnar,Ginebra,Cincinnati,6969,Boeing 747,78746.91240000002,484
Mol_PaCa_11320,MoldaviAir,París,Cádiz,1447,Airbus A320,3704.6094,124
Pam_BaMe_10747,PamPangea,Bali,Melbourne,2779,Boeing 747,"32290,3126",205
Fly_CiNu_11380,FlyQ,Cincinnati,Nueva York,911,Airbus A380,11268.3412,80
Tab_LoNu_10737,TabarAir,Londres,Nueva York,5566,Boeing 737,14742.6642,442
Pam_BaNu_10737,PamPangea,Bali,Nueva York,16589,Boeing 737,45277.61846400001,1459
Mol_PaMe_10747,MoldaviAir,París,Melbourne,,Boeing 747,,1328
Mol_BaCi_10747,MoldaviAir,Bali,Cincinnati,15011,Boeing 747,166417.9504,
Fly_CiNu_10737,FlyQ,Cincinnati,Nueva York,911,Boeing 737,2302.2792,89
Air_GiBa_11380,Airnar,Ginebra,Bali,12383,Airbus A380,150304.854,
Pam_GiNu_11320,PamPangea,Ginebra,Nueva York,6206,Airbus A320,16200.1424,569
Mol_LoMe_10737,MoldaviAir,Londres,Melbourne,16900,Boeing 737,44845.164,1483
Mol_BaCa_10737,MoldaviAir,Bali,Cádiz,12798,Boeing 737,"34930,55404800001",1171
Air_PaLo_10737,Airnar,París,Los Angeles,9099,Boeing 737,,711
Tab_GiRo_10737,TabarAir,Ginebra,Roma,698,Boeing 737,1865.754,73
Fly_BaRo_11380,FlyQ,Bali,Roma,12738,Airbus A380,157558.8696,869
Pam_GiLo_11320,PamPangea,Ginebra,Londres,739,Airbus A320,1966.1834,
Air_BaGi_11380,Airnar,Bali,Ginebra,12383,Airbus A380,151736.3288,845
Pam_PaGi_10747,PamPangea,París,GInEbRa,,Boeing 747,,
Pam_LoPa_10737,PamPangea,Londres,París,344,Boeing 737,886.0752000000001,46
Mol_MeCi_11380,MoldaviAir,Melbourne,Cincinnati,15262,Airbus A380,"198164,738304",1217
Mol_LoBa_11380,MoldaviAir,Londres,Bali,12553,Airbus A380,149466.0604,856
Fly_BaRo_10747,FlyQ,Bali,Roma,12738,Boeing 747,,
Tab_GiLo_10747,TabarAir,Ginebra,Los Angeles,9103,Boeing 747,106741.778,626
Pam_GiBa_10737,PamPangea,Ginebra,Bali,12383,Boeing 737,32233.147128,1140
Mol_MeBa_10737,MoldaviAir,Melbourne,Bali,2779,Boeing 737,6955.5591,231
Pam_BaLo_11380,PamPangea,Bali,Londres,12553,Airbus A380,145112.68,856
Pam_GiNu_11380,PamPangea,Ginebra,Nueva York,6206,Airbus A380,76763.2552,433
Fly_RoNu_11380,FlyQ,Roma,Nueva York,6877,Airbus A380,85062.98840000002,478
Pam_NuBa_10747,PamPangea,Nueva York,Bali,,Boeing 747,187590.535392,1305
Mol_CaLo_10737,MoldaviAir,Cádiz,Londres,1716,Boeing 737,4461.7716,150
Pam_PaGi_10737,PamPangea,París,Ginebra,411,Boeing 737,1008.7173,51
Tab_LoGi_11320,TabarAir,Los Angeles,GINEBra,9103,Airbus A320,25425.844184,779
Pam_BaMe_10747,PamPangea,Bali,Melbourne,2779,Boeing 747,31697.8298,205
Fly_BaRo_10747,FlyQ,Bali,Roma,12738,Boeing 747,141218.5632,1049
Pam_MeBa_11320,PamPangea,Melbourne,Bali,2779,Airbus A320,7603.066099999999,221
Tab_GiRo_10737,TabarAir,Ginebra,Roma,698,Boeing 737,,73
Fly_RoBa_10747,FlyQ,Roma,Bali,12738,Boeing 747,"155340,41952",1049
Mol_CiPa_10737,MoldaviAir,Cincinnati,París,6370,Boeing 737,16872.219,503
Fly_NuBa_11380,FlyQ,Nueva York,Bali,16589,Airbus A380,,1305
Mol_PaBa_10737,MoldaviAir,París,Bali,11980,Boeing 737,32395.16592000001,1029
Mol_BaPa_10747,MoldaviAir,Bali,París,,Boeing 747,140477.48,
Mol_PaCi_10737,MoldaviAir,París,Cincinnati,6370,Boeing 737,15479.1,503
Fly_BaRo_11380,FlyQ,Bali,Roma,12738,Airbus A380,161976.408,869
Fly_GiCi_11380,FlyQ,Ginebra,Cincinnati,6969,Airbus A380,86200.9548,484
Mol_MeBa_11380,MoldaviAir,Melbourne,Bali,,Airbus A380,34374.0068,205
Mol_PaBa_11380,MoldaviAir,París,Bali,11980,Airbus A380,138488.8,818
Pam_MeLo_10747,PamPangea,Melbourne,Londres,16900,Boeing 747,"204222,5744",1326
Pam_NuMe_10747,PamPangea,Nueva York,Melbourne,16082,Boeing 747,,1272
Air_LoCi_11380,Airnar,Los Angeles,Cincinnati,3073,Airbus A380,35879.1188,
Mol_CiCa_10747,MoldaviAir,Cincinnati,Cádiz,6624,Boeing 747,76260.7872,461
Mol_MeCa_10747,MoldaviAir,Melbourne,Cádiz,,Boeing 747,,
Mol_BaMe_10737,MoldaviAir,Bali,MELboURnE,2779,Boeing 737,,231
Tab_RoNu_11380,TabarAir,Roma,Nueva York,6877,Airbus A380,86652.95080000002,478
Air_GiPa_11320,Airnar,Ginebra,París,411,Airbus A320,1134.771,49
Fly_NuRo_10737,FlyQ,Nueva York,Roma,6877,Boeing 737,18215.1099,542
Fly_NuRo_10737,FlyQ,Nueva York,Roma,6877,Boeing 737,"17713,7766",542
Pam_BaPa_11380,PamPangea,Bali,París,11980,Airbus A380,150952.792,818
Air_CiGi_11380,Airnar,Cincinnati,Ginebra,6969,Airbus A380,81367.2564,484
Tab_GiLo_10747,TabarAir,Ginebra,Londres,739,Boeing 747,"8665,514000000001",69
Fly_NuCi_10737,FlyQ,Nueva York,Cincinnati,911,Boeing 737,2390.8284,89
Fly_RoNu_10747,FlyQ,Roma,Nueva York,6877,Boeing 747,77707.34920000001,478
Tab_GiRo_10747,TabarAir,Ginebra,Roma,,Boeing 747,7440.68,66
Tab_LoLo_11380,TabarAir,Los Angeles,Londres,8785,Airbus A380,101554.6,605
Mol_CiMe_10737,MoldaviAir,Cincinnati,MELBoURNe,15262,Boeing 737,39341.52892800001,1359
Mol_BaCi_10747,MoldaviAir,Bali,Cincinnati,15011,Boeing 747,179731.386432,1200
Tab_LoGi_10747,TabarAir,Londres,Ginebra,739,Boeing 747,7956.5174,69
Pam_GiPa_11320,PamPangea,Ginebra,París,,Airbus A320,1083.1905,49
Pam_NuGi_11380,PamPangea,Nueva York,Ginebra,6206,Airbus A380,,433
Mol_CiPa_11380,MoldaviAir,Cincinnati,París,6370,Airbus A380,78055.432,444
Fly_NuRo_10737,FlyQ,Nueva York,Roma,6877,Boeing 737,17212.4433,
Fly_GiNu_10747,FlyQ,Ginebra,Nueva York,6206,Boeing 747,66155.96,433
Pam_LoNu_11380,PamPangea,Londres,Nueva York,,Airbus A380,68203.53760000001,391
Mol_LoMe_10747,MoldaviAir,Londres,Melbourne,16900,Boeing 747,"198601,7696",1326
Air_CiGi_10747,Airnar,Cincinnati,Ginebra,,Boeing 747,,484
Air_BaLo_11380,Airnar,Bali,Los Angeles,12845,Airbus A380,149973.082,876
Pam_BaLo_10737,PamPangea,Bali,Londres,12553,Boeing 737,34579.09634400001,1153
Mol_CaMe_10747,MoldaviAir,Cádiz,Melbourne,20029,Boeing 747,226490.495712,
Air_LoCi_10747,Airnar,Los Angeles,Cincinnati,3073,Boeing 747,32758.18,224
Pam_GiLo_10737,PamPangea,Ginebra,Londres,739,Boeing 737,1903.5162,
Fly_RoBa_11380,FlyQ,Roma,Bali,12738,Airbus A380,148723.7928,869
Air_LoCi_10747,Airnar,Los Angeles,Cincinnati,3073,Boeing 747,35051.2526,224
Fly_CiRo_10747,FlyQ,Cincinnati,Roma,7480,Boeing 747,79736.8,518
Mol_CaMe_10747,MoldaviAir,Cádiz,MElboUrNe,20029,Boeing 747,230931.485824,1535
Tab_LoCi_11320,TabarAir,Los Angeles,Cincinnati,3073,Airbus A320,,242
Fly_NuBa_10737,FlyQ,Nueva York,Bali,16589,Boeing 737,45277.61846400001,1459
Mol_CaPa_10747,MoldaviAir,Cádiz,París,1447,Boeing 747,15733.5204,116
Mol_CaCi_10737,MoldaviAir,Cádiz,Cincinnati,6624,Boeing 737,16096.32,523
Tab_GiNu_11320,TabarAir,Ginebra,Nueva York,6206,Airbus A320,"16686,146672",569
Mol_BaLo_10737,MoldaviAir,Bali,Londres,12553,Boeing 737,33627.37809600001,1153
Tab_GiLo_10747,TabarAir,Ginebra,Londres,739,Boeing 747,"8665,514000000001",69
Pam_NuBa_10737,PamPangea,Nueva York,Bali,16589,Boeing 737,"42762,19521600001",1459
Tab_GiLo_11320,TabarAir,Ginebra,Los Angeles,9103,Airbus A320,23762.4712,779
Pam_GiMe_10737,PamPangea,Ginebra,Melbourne,16674,Boeing 737,44666.84476800001,1466
Fly_GiNu_11320,FlyQ,Ginebra,Nueva York,6206,Airbus A320,16848.148096,569
Tab_NuRo_11380,TabarAir,Nueva York,Roma,6877,Airbus A380,81088.08240000001,478
Mol_LoCi_11320,MoldaviAir,Londres,Cincinnati,6284,Airbus A320,18044.12896,575
Pam_MeNu_10747,PamPangea,Melbourne,Nueva York,16082,Boeing 747,192554.803584,1272
Tab_RoLo_10747,TabarAir,Roma,Londres,1433,Boeing 747,16650.6002,115
Tab_GiRo_11320,TabarAir,Ginebra,Roma,698,Airbus A320,1839.579,70
Tab_RoCi_11320,TabarAir,Roma,Cincinnati,7480,Airbus A320,"19916,30784",662
Tab_NuRo_11320,TabarAir,Nueva York,Roma,6877,Airbus A320,17951.7208,618
Tab_GiCi_10737,TabarAir,Ginebra,Cincinnati,6969,Boeing 737,18289.4436,549
Fly_CiRo_11380,FlyQ,Cincinnati,Roma,7480,Airbus A380,89062.864,518
Air_GiCi_10747,Airnar,Ginebra,Cincinnati,6969,Boeing 747,74289.54000000001,484
Air_CiGi_10747,Airnar,Cincinnati,Ginebra,6969,Boeing 747,78746.91240000002,484
Pam_NuGi_10737,PamPangea,Nueva York,Ginebra,6206,Boeing 737,15985.4148,491
Mol_LoCi_11380,MoldaviAir,Londres,Cincinnati,6284,Airbus A380,79907.34400000001,438
Tab_NuLo_11380,TabarAir,Nueva York,Londres,5566,Airbus A380,68203.53760000001,391
Mol_BaCi_11380,MoldaviAir,Bali,Cincinnati,15011,Airbus A380,"196710,388576",
Tab_GiLo_10747,TabarAir,Ginebra,Londres,,Boeing 747,"7877,74",69
Fly_GiBa_10737,FlyQ,Ginebra,Barcelona,660,Boeing 737,1651.914,70
Tab_RoNu_10747,TabarAir,Roma,Nueva York,6877,Boeing 747,76241.17280000001,478
Tab_NuLo_11320,TabarAir,Nueva York,Londres,5566,Airbus A320,,523
Tab_LoRo_11380,TabarAir,Los Angeles,Roma,10077,Airbus A380,123479.5272,691
Air_GiLo_10747,Airnar,Ginebra,Los Angeles,9103,Boeing 747,104801.0184,
Pam_NuPa_10737,PamPangea,Nueva York,París,5835,Boeing 737,14179.05,
Mol_LoBa_10737,MoldaviAir,Londres,Bali,12553,Boeing 737,31723.9416,1153
Air_CaBa_10737,Airnar,Cádiz,Bali,12798,Boeing 737,33960.26088000001,1171
Pam_MeLo_10747,PamPangea,Melbourne,Londres,16900,Boeing 747,"204222,5744",1326
Fly_NuGi_11380,FlyQ,Nueva York,Ginebra,6206,Airbus A380,76045.8416,433
Tab_LoRo_11320,TabarAir,Londres,Roma,1433,Airbus A320,"3812,639799999999",
Tab_LoRo_11320,TabarAir,Los Angeles,Roma,10077,Airbus A320,28409.400864,850
Pam_MeNu_10737,PamPangea,Melbourne,Nueva York,16082,Boeing 737,,1421
Pam_LoGi_10737,PamPangea,Londres,Ginebra,,Boeing 737,1867.6008,76
Tab_RoLo_10737,TabarAir,Roma,Los Angeles,10077,Boeing 737,26446.0788,785
Air_CaGi_11320,Airnar,Cádiz,Ginebra,1725,Airbus A320,4589.535,145
Tab_NuRo_10747,TabarAir,Nueva York,Roma,6877,Boeing 747,78440.43740000001,478
Pam_LoMe_10737,PamPangea,Londres,MelboURNe,,Boeing 737,43990.97040000001,1483
Tab_GiNu_10747,TabarAir,Ginebra,Nueva York,6206,Boeing 747,68802.19840000001,433
Tab_GiLo_11380,TabarAir,Ginebra,Los Angeles,9103,Airbus A380,115753.748,626
Tab_CiNu_10737,TabarAir,Cincinnati,Nueva York,911,Boeing 737,,89
Fly_CiBa_11380,FlyQ,Cincinnati,BARCEloNA,6763,Airbus A380,81307.4912,470
Air_PaCa_11320,Airnar,París,Cádiz,1447,Airbus A320,,124
Air_GiCi_11380,Airnar,Ginebra,Cincinnati,6969,Airbus A380,83784.1056,484
Pam_NuMe_10737,PamPangea,Nueva York,Melbourne,,Boeing 737,43080.97622400001,1421
Air_LoGi_10747,Airnar,Los Angeles,Ginebra,9103,Boeing 747,97037.98,
Tab_CiNu_11380,TabarAir,Cincinnati,Nueva York,911,Airbus A380,"11478,9644",80
Mol_BaCi_10737,MoldaviAir,Bali,Cincinnati,15011,Boeing 737,39832.58916000001,1340
Tab_GiNu_10737,TabarAir,Ginebra,Nueva York,,Boeing 737,"15834,609",491
Fly_BaNu_10747,FlyQ,Bali,Nueva York,16589,Boeing 747,193107.90408,1305
Fly_GiBa_10737,FlyQ,Ginebra,Bali,12383,Boeing 737,,1140
Air_LoGi_11380,Airnar,Los Angeles,GInEBRa,9103,Airbus A380,"112596,8276",626
Mol_CaMe_11380,MoldaviAir,Cádiz,Melbourne,20029,Airbus A380,248020.549088,1535
Tab_LoNu_11320,TabarAir,Londres,Nueva York,5566,Airbus A320,,523
Mol_CiLo_10737,MoldaviAir,Cincinnati,Londres,,Boeing 737,15728.2236,497
Pam_LoGi_11380,PamPangea,Londres,Ginebra,739,Airbus A380,8542.84,69
Pam_GiMe_11380,PamPangea,Ginebra,Melbourne,16674,Airbus A380,216498.417408,1311
Pam_MeGi_10747,PamPangea,Melbourne,Ginebra,16674,Boeing 747,,1311
Fly_BaRo_11380,FlyQ,Bali,Roma,12738,Airbus A380,148723.7928,
Tab_LoGi_10737,TabarAir,Londres,Ginebra,739,Boeing 737,1885.5585,76
Pam_GiMe_10737,PamPangea,Ginebra,MelBourne,16674,Boeing 737,43402.688784,1466
Pam_NuLo_10737,PamPangea,Nueva York,Londres,5566,Boeing 737,13931.1414,442
Pam_LoNu_10747,PamPangea,Londres,Nueva York,5566,Boeing 747,63486.9092,391
Fly_BaRo_10737,FlyQ,Bali,Roma,12738,Boeing 737,35088.70622400001,
Mol_BaLo_11380,MoldaviAir,Bali,Londres,12553,Airbus A380,158172.8212,
Mol_MeLo_10737,MoldaviAir,Melbourne,Londres,16900,Boeing 737,46126.4544,1483
Mol_MeLo_10747,MoldaviAir,Melbourne,Londres,16900,Boeing 747,191107.3632,1326
Pam_MeBa_11320,PamPangea,Melbourne,Bali,2779,Airbus A320,7114.795799999999,
Pam_GiLo_11380,PamPangea,Ginebra,Londres,739,Airbus A380,9226.2672,69
Fly_NuCi_10737,FlyQ,Nueva York,Cincinnati,911,Boeing 737,2435.103,89
Air_CiLo_10747,Airnar,Cincinnati,Los Angeles,3073,Boeing 747,33740.9254,224
Mol_CiMe_11380,MoldaviAir,Cincinnati,MelBoUrne,15262,Airbus A380,,1217
Fly_BaCi_11320,FlyQ,Barcelona,Cincinnati,,Airbus A320,19066.466016,610
Air_PaCi_11320,Airnar,París,Cincinnati,6370,Airbus A320,17127.09544,581
Mol_CaMe_10737,MoldaviAir,Cádiz,Melbourne,20029,Boeing 737,,1721
Pam_BaGi_11380,PamPangea,Bali,GInebra,12383,Airbus A380,"144578,9548",
Pam_BaMe_11380,PamPangea,Bali,Melbourne,2779,Airbus A380,33410.2496,205
Fly_BaBa_11380,FlyQ,Barcelona,Bali,13058,Airbus A380,156988.4992,1070
Air_CaCi_11320,Airnar,Cádiz,Cincinnati,,Airbus A320,17982.941184,600
Air_GiBa_10747,Airnar,Ginebra,Bali,12383,Boeing 747,142563.0024,845
Air_BaGi_11380,Airnar,Bali,Ginebra,12383,Airbus A380,151736.3288,845
Tab_LoCi_10747,TabarAir,Londres,Cincinnati,6284,Boeing 747,71676.5608,
Tab_LoNu_10747,TabarAir,Los Angeles,Nueva York,3944,Boeing 747,44145.192,282
Pam_BaMe_11380,PamPangea,Bali,Melbourne,2779,Airbus A380,34695.2592,205
Mol_LoCa_11380,MoldaviAir,Londres,Cádiz,1716,Airbus A380,"21027,1776",134
Air_LoBa_10737,Airnar,Los Angeles,Bali,12845,Boeing 737,35058.83472000001,1175
Tab_NuGi_10747,TabarAir,Nueva York,GInebra,6206,Boeing 747,,433
Fly_NuCi_11320,FlyQ,Nueva York,Cincinnati,911,Airbus A320,,86
Mol_PaLo_11380,MoldaviAir,París,Londres,344,Airbus A380,4294.771200000001,42
Air_LoGi_11320,Airnar,Los Angeles,Ginebra,9103,Airbus A320,23762.4712,779
Air_CiPa_11380,Airnar,Cincinnati,París,6370,Airbus A380,"81000,92",444
Tab_RoLo_11320,TabarAir,Roma,Londres,1433,Airbus A320,3812.639799999999,123
Fly_BaRo_10737,FlyQ,Bali,Roma,12738,Boeing 737,33801.04728000001,
Air_CiLo_10747,Airnar,Cincinnati,Los Angeles,3073,Boeing 747,35706.4162,224
Air_LoPa_10737,Airnar,Los Angeles,París,9099,Boeing 737,,711
Tab_LoLo_11320,TabarAir,Los Angeles,Londres,8785,Airbus A320,24996.27676,
Pam_BaPa_11380,PamPangea,Bali,París,11980,Airbus A380,145413.24,818
Tab_CiRo_11320,TabarAir,Cincinnati,Roma,7480,Airbus A320,19525.792,662
Air_CiPa_11320,Airnar,Cincinnati,París,6370,Airbus A320,18124.79032,581
Mol_PaBa_10747,MoldaviAir,París,Bali,11980,Boeing 747,130260.936,818
Mol_CaPa_11320,MoldaviAir,Cádiz,París,1447,Airbus A320,3849.8882,124
Mol_MeCa_11380,MoldaviAir,Melbourne,Cádiz,20029,Airbus A380,260060.3815680001,
Fly_BaRo_10747,FlyQ,Barcelona,Roma,859,Boeing 747,,77
Fly_CiBa_10737,FlyQ,Cincinnati,Barcelona,6763,Boeing 737,17584.4763,533
Tab_RoCi_11380,TabarAir,Roma,Cincinnati,7480,Airbus A380,94250.992,518
Tab_RoCi_10737,TabarAir,Roma,Cincinnati,,Boeing 737,18358.164,588
Air_BaPa_10747,Airnar,Bali,París,11980,Boeing 747,130260.936,
Mol_MeCi_10737,MoldaviAir,Melbourne,Cincinnati,15262,Boeing 737,42427.13904000001,1359
Fly_RoNu_11380,FlyQ,Roma,Nueva York,,Airbus A380,79498.12000000001,
Mol_CiLo_11320,MoldaviAir,Cincinnati,Londres,6284,Airbus A320,"16403,7536",
Air_CaBa_10747,Airnar,Cádiz,Bali,,Boeing 747,154653.284448,1053
Mol_PaLo_10737,MoldaviAir,París,Londres,344,Boeing 737,911.1528000000002,46
Mol_BaPa_10737,MoldaviAir,Bali,París,11980,Boeing 737,30275.856,1029
Air_BaCi_10747,Airnar,Bali,Cincinnati,15011,Boeing 747,178067.206928,1200
Fly_BaNu_11380,FlyQ,Bali,Nueva York,16589,Airbus A380,211405.969216,1305
Tab_GiCi_11380,TabarAir,Ginebra,Cincinnati,6969,Airbus A380,85395.33840000001,484
Mol_MeLo_10747,MoldaviAir,Melbourne,Londres,16900,Boeing 747,192980.9648,1326
Mol_LoCa_11320,MoldaviAir,Londres,Cádiz,1716,Airbus A320,4737.876,144
Mol_CiCa_10737,MoldaviAir,Cincinnati,Cádiz,6624,Boeing 737,17062.0992,523
Pam_NuPa_10747,PamPangea,Nueva York,París,5835,Boeing 747,62823.111,409
Tab_CiLo_11380,TabarAir,Cincinnati,Londres,6284,Airbus A380,77728.05280000002,
Pam_PaLo_10747,PamPangea,París,Londres,344,Boeing 747,3960.4032,42
Fly_NuBa_11380,FlyQ,Nueva York,Barcelona,,Airbus A380,76317.964,431
Fly_RoBa_10737,FlyQ,Roma,BaRCelONa,859,Boeing 737,2129.117400000001,
Pam_NuMe_10747,PamPangea,Nueva York,Melbourne,,Boeing 747,194337.718432,1272
Pam_MeGi_10737,PamPangea,Melbourne,GineBra,,Boeing 737,"46352,38608000001",1466
Tab_GiLo_11380,TabarAir,Ginebra,Los Angeles,9103,Airbus A380,,626
Pam_LoGi_11320,PamPangea,Londres,Ginebra,739,Airbus A320,2021.8301,73
Pam_BaLo_10737,PamPangea,Bali,Londres,12553,Boeing 737,33310.13868,1153
Air_CaPa_11380,Airnar,Cádiz,París,1447,Airbus A380,,
Air_LoCa_10737,Airnar,Los Angeles,Cádiz,9373,Boeing 737,23231.9178,731
Fly_BaBa_10747,FlyQ,Barcelona,Bali,13058,Boeing 747,,1070
Tab_LoNu_10747,TabarAir,Londres,Nueva York,5566,Boeing 747,62893.5736,391
Pam_NuLo_11320,PamPangea,Nueva York,Londres,5566,Airbus A320,,523
Tab_CiLo_11380,TabarAir,Cincinnati,Los Angeles,3073,Airbus A380,"36234,3576",224
Fly_BaRo_10747,FlyQ,Barcelona,Roma,859,Boeing 747,9248.5094,77
Pam_GiBa_10747,PamPangea,Ginebra,Bali,,Boeing 747,138602.919,845
Mol_CaBa_11380,MoldaviAir,Cádiz,Bali,12798,Airbus A380,150903.7776,
Air_LoGi_11320,Airnar,Los Angeles,Ginebra,9103,Airbus A320,26138.71832,779
Fly_RoBa_11380,FlyQ,Roma,Barcelona,859,Airbus A380,10724.4432,77
Tab_GiLo_10747,TabarAir,Ginebra,Londres,739,Boeing 747,,69
Mol_LoCa_10737,MoldaviAir,Londres,Cádiz,1716,Boeing 737,4253.2776,150
Air_PaBa_11380,Airnar,París,Bali,11980,Airbus A380,,818
Pam_MePa_10737,PamPangea,Melbourne,París,16925,Boeing 737,43200.5886,1485
Tab_GiLo_11380,TabarAir,Ginebra,Londres,739,Airbus A380,9140.8388,69
Mol_CiCa_11320,MoldaviAir,Cincinnati,Cádiz,6624,Airbus A320,17291.2896,600
Pam_GiMe_10737,PamPangea,Ginebra,MeLbOurne,,Boeing 737,,1466
Pam_GiPa_10737,PamPangea,Ginebra,París,411,Boeing 737,1078.6284,51
Air_BaCa_10747,Airnar,Bali,Cádiz,12798,Boeing 747,146140.259616,1053
Mol_BaCi_11380,MoldaviAir,Bali,Cincinnati,15011,Airbus A380,191296.341184,1200
Tab_GiLo_10737,TabarAir,Ginebra,Los Angeles,9103,Boeing 737,24111.1161,
Pam_MeGi_10747,PamPangea,Melbourne,Ginebra,16674,Boeing 747,188551.726272,1311
Mol_CaLo_11320,MoldaviAir,Cádiz,Londres,1716,Airbus A320,,
Pam_MePa_11380,PamPangea,Melbourne,París,16925,Airbus A380,223827.032,1328
Tab_CiLo_11380,TabarAir,Cincinnati,Londres,6284,Airbus A380,77001.62240000001,438
Air_CaPa_11320,Airnar,Cádiz,París,,Airbus A320,3704.6094,124
Tab_CiLo_10737,TabarAir,Cincinnati,Londres,6284,Boeing 737,15270.12,497
Mol_CiPa_10747,MoldaviAir,Cincinnati,París,6370,Boeing 747,73336.53600000001,444
Mol_PaCa_11320,MoldaviAir,París,Cádiz,1447,Airbus A320,,124
Air_PaLo_11320,Airnar,París,Los Angeles,,Airbus A320,24227.070192,779
Air_BaCi_10737,Airnar,Bali,Cincinnati,15011,Boeing 737,"41350,02112800001",1340
Tab_NuRo_11320,TabarAir,Nueva York,Roma,6877,Airbus A320,19567.375672,618
Mol_CaLo_11320,MoldaviAir,Cádiz,Londres,1716,Airbus A320,4565.5896,144
Mol_LoMe_10747,MoldaviAir,Londres,Melbourne,16900,Boeing 747,200475.3712,1326
Fly_GiBa_11380,FlyQ,Ginebra,Bali,12383,Airbus A380,150304.854,845
Fly_GiNu_11380,FlyQ,Ginebra,Nueva York,6206,Airbus A380,74611.0144,433
Pam_LoNu_11320,PamPangea,Londres,Nueva York,5566,Airbus A320,14529.4864,523
Fly_BaGi_10747,FlyQ,Barcelona,Ginebra,660,Boeing 747,7035.6,64
Mol_MeLo_11380,MoldaviAir,Melbourne,Londres,16900,Airbus A380,207242.1312,1326
Tab_LoGi_11380,TabarAir,Londres,Ginebra,,Airbus A380,8799.1252,69
Tab_LoCi_11320,TabarAir,Londres,Cincinnati,6284,Airbus A320,"17716,053888",575
Pam_LoGi_11380,PamPangea,Londres,Ginebra,739,Airbus A380,"8628,2684",69
Fly_CiNu_10737,FlyQ,Cincinnati,Nueva York,911,Boeing 737,2390.8284,89
Fly_BaRo_10737,FlyQ,Bali,Roma,12738,Boeing 737,32835.303072,
Mol_BaPa_10747,MoldaviAir,Bali,París,11980,Boeing 747,139200.412,818
Pam_LoNu_11380,PamPangea,Londres,Nueva York,5566,Airbus A380,69490.39680000002,391
Fly_BaBa_11380,FlyQ,Barcelona,Bali,13058,Airbus A380,166407.809152,1070
Pam_BaGi_10737,PamPangea,Bali,Ginebra,12383,Boeing 737,,1140
Fly_CiNu_11380,FlyQ,Cincinnati,Nueva York,911,Airbus A380,10847.0948,80
Mol_CaCi_11380,MoldaviAir,Cádiz,Cincinnati,,Airbus A380,"83465,04960000001",461
Mol_BaMe_11320,MoldaviAir,Bali,Melbourne,2779,Airbus A320,7184.548699999999,221
Tab_GiLo_10737,TabarAir,Ginebra,Los Angeles,9103,Boeing 737,"22341,4929",711
Fly_BaNu_11380,FlyQ,Barcelona,Nueva York,6170,Airbus A380,76317.964,431
Air_GiCi_10747,Airnar,Ginebra,Cincinnati,6969,Boeing 747,75032.4354,484
Mol_LoCa_11320,MoldaviAir,Londres,Cádiz,1716,Airbus A320,4393.3032,144
Fly_NuBa_10737,FlyQ,Nueva York,Bali,16589,Boeing 737,42762.19521600001,1459
Fly_BaBa_11380,FlyQ,Barcelona,Bali,13058,Airbus A380,,1070
Pam_PaNu_10737,PamPangea,París,Nueva York,5835,Boeing 737,15029.793,463
Air_BaLo_11380,Airnar,Bali,Los Angeles,12845,Airbus A380,148488.2,876
Air_LoBa_10747,Airnar,Los Angeles,Bali,12845,Boeing 747,143828.85608,
Tab_CiLo_11320,TabarAir,Cincinnati,Londres,6284,Airbus A320,16731.828672,575
Air_CaGi_11320,Airnar,Cádiz,Ginebra,1725,Airbus A320,,145
Mol_BaLo_11380,MoldaviAir,Bali,Londres,12553,Airbus A380,152368.314,856
Fly_NuBa_10747,FlyQ,Nueva York,Barcelona,6170,Boeing 747,70376.254,431
Tab_NuRo_10747,TabarAir,Nueva York,Roma,6877,Boeing 747,,478
Fly_NuCi_11380,FlyQ,Nueva York,Cincinnati,911,Airbus A380,"11478,9644",80
Mol_MePa_11380,MoldaviAir,Melbourne,París,16925,Airbus A380,219757.4496,1328
Pam_PaNu_10737,PamPangea,París,Nueva York,,Boeing 737,14604.4215,
Air_LoBa_10747,Airnar,Los Angeles,Bali,12845,Boeing 747,,1056
Pam_GiBa_10747,PamPangea,Ginebra,Bali,12383,Boeing 747,"143883,0302",
Mol_BaPa_10737,MoldaviAir,Bali,París,11980,Boeing 737,30881.37312,1029
Pam_BaGi_10737,PamPangea,Bali,Ginebra,12383,Boeing 737,32546.090304,
Fly_CiGi_10737,FlyQ,Cincinnati,Ginebra,6969,Boeing 737,18120.0969,549
Tab_NuLo_10737,TabarAir,Nueva York,Los Angeles,,Boeing 737,10446.4728,319
Pam_PaLo_10747,PamPangea,París,Londres,344,Boeing 747,4033.744,42
Air_CaCi_11380,Airnar,Cádiz,Cincinnati,6624,Airbus A380,,461
Tab_GiLo_10747,TabarAir,Ginebra,Los Angeles,9103,Boeing 747,,626
Tab_LoGi_11380,TabarAir,Londres,GINEBrA,739,Airbus A380,,69
Tab_LoGi_11380,TabarAir,Londres,Ginebra,,Airbus A380,8799.1252,
Pam_PaGi_10747,PamPangea,París,Ginebra,,Boeing 747,"4468,885200000001",47
Air_GiCa_10747,Airnar,Ginebra,Cádiz,1725,Boeing 747,18756.27,135
Mol_CaLo_11320,MoldaviAir,Cádiz,Londres,1716,Airbus A320,4737.876,
Air_PaGi_10747,Airnar,París,Ginebra,411,Boeing 747,4731.760800000001,47
Tab_LoCi_10747,TabarAir,Londres,Cincinnati,6284,Boeing 747,73016.30960000001,438
Tab_LoRo_10737,TabarAir,Londres,Roma,1433,Boeing 737,"3760,7652",128
Air_CiLo_10747,Airnar,Cincinnati,Los Angeles,,Boeing 747,33085.7618,224
Tab_LoRo_11320,TabarAir,Londres,Roma,1433,Airbus A320,3884.576399999999,
Tab_GiLo_10737,TabarAir,Ginebra,Londres,739,Boeing 737,"1831,6854",76
Tab_GiNu_10737,TabarAir,Ginebra,Nueva York,6206,Boeing 737,16287.0264,
Mol_MeCi_10747,MoldaviAir,Melbourne,Cincinnati,15262,Boeing 747,184428.694112,1217
Pam_MeLo_10737,PamPangea,Melbourne,Londres,,Boeing 737,,1483
Fly_RoCi_10737,FlyQ,Roma,Cincinnati,7480,Boeing 737,18358.164,588
Tab_CiNu_11320,TabarAir,Cincinnati,Nueva York,911,Airbus A320,"2515,271",86
Pam_MeGi_10747,PamPangea,Melbourne,Ginebra,16674,Boeing 747,190400.272608,1311
Mol_PaBa_11380,MoldaviAir,París,Bali,11980,Airbus A380,148183.016,818
Pam_GiPa_10737,PamPangea,Ginebra,París,411,Boeing 737,1068.6411,51
Mol_PaLo_11320,MoldaviAir,París,Londres,344,Airbus A320,949.784,44
Air_CiBa_11380,Airnar,Cincinnati,Bali,15011,Airbus A380,,1200
Tab_LoGi_10737,TabarAir,Los Angeles,Ginebra,9103,Boeing 737,23005.1016,
Tab_GiNu_10737,TabarAir,Ginebra,Nueva York,6206,Boeing 737,16136.2206,491
Tab_LoGi_11380,TabarAir,Londres,Ginebra,739,Airbus A380,8628.2684,69
Mol_MeCi_10737,MoldaviAir,Melbourne,Cincinnati,15262,Boeing 737,39341.52892800001,1359
Mol_CaCi_11320,MoldaviAir,Cádiz,Cincinnati,6624,Airbus A320,18674.592768,
Mol_MeBa_10737,MoldaviAir,Melbourne,Bali,2779,Boeing 737,"6888,0294",
Air_PaLo_11320,Airnar,París,Los Angeles,9099,Airbus A320,"23989,549896",779
Air_CaBa_10737,Airnar,Cádiz,Bali,12798,Boeing 737,34607.12299200001,1171
Air_LoBa_10737,Airnar,Los Angeles,Bali,12845,Boeing 737,33111.12168,1175
Air_CaPa_11380,Airnar,Cádiz,París,,Airbus A380,18400.052,116
Pam_NuLo_10737,PamPangea,Nueva York,Londres,5566,Boeing 737,14336.9028,
Air_PaCi_10747,Airnar,París,Cincinnati,6370,Boeing 747,"72657,494",444
Tab_RoCi_10737,TabarAir,Roma,Cincinnati,7480,Boeing 737,18903.456,588
Pam_MeLo_10737,PamPangea,Melbourne,Londres,16900,Boeing 737,43136.7768,1483
Air_PaGi_10737,Airnar,París,Ginebra,411,Boeing 737,1018.7046,51
Pam_LoBa_10747,PamPangea,Londres,Bali,12553,Boeing 747,,856
Tab_LoLo_11320,TabarAir,Los Angeles,Londres,8785,Airbus A320,,756
Pam_MePa_11380,PamPangea,Melbourne,París,16925,Airbus A380,217722.6584,
Air_CiPa_11320,Airnar,Cincinnati,París,6370,Airbus A320,17293.37792,581
Pam_LoMe_11380,PamPangea,Londres,Melbourne,16900,Airbus A380,213337.488,1326
Pam_GiBa_11380,PamPangea,Ginebra,Bali,12383,Airbus A380,"156030,7532",845
Tab_NuRo_11380,TabarAir,Nueva York,Roma,6877,Airbus A380,"85857,96960000001",478
Mol_PaBa_11380,MoldaviAir,París,Bali,11980,Airbus A380,149567.904,818
Air_PaBa_11380,Airnar,París,Bali,11980,Airbus A380,"142643,464",818
Pam_GiBa_10737,PamPangea,Ginebra,Bali,12383,Boeing 737,31294.3176,1140
Mol_LoCa_11380,MoldaviAir,Londres,Cádiz,1716,Airbus A380,,134
Mol_BaCi_10737,MoldaviAir,Bali,Cincinnati,15011,Boeing 737,38694.515184,1340
Tab_LoNu_10737,TabarAir,Londres,Nueva York,5566,Boeing 737,14877.918,442
Pam_BaMe_11380,PamPangea,Bali,MelBouRne,,Airbus A380,33410.2496,
Mol_LoMe_10737,MoldaviAir,Londres,Melbourne,16900,Boeing 737,"46553,55120000001",1483
Mol_LoCa_11320,MoldaviAir,Londres,Cádiz,1716,Airbus A320,4393.3032,144
Mol_BaCi_11380,MoldaviAir,Bali,Cincinnati,15011,Airbus A380,"185882,293792",1200
Air_BaGi_10737,Airnar,Bali,Ginebra,12383,Boeing 737,,
Fly_RoBa_11380,FlyQ,Roma,Barcelona,859,Airbus A380,9930.04,77
Pam_NuLo_11380,PamPangea,Nueva York,Londres,5566,Airbus A380,70777.25600000001,
Tab_LoRo_11320,TabarAir,Los Angeles,Roma,10077,Airbus A320,28935.50088,850
Fly_GiRo_11320,FlyQ,Ginebra,Roma,698,Airbus A320,1909.6582,
Fly_CiRo_11380,FlyQ,Cincinnati,Roma,,Airbus A380,,
Pam_BaGi_11380,PamPangea,Bali,Ginebra,12383,Airbus A380,147441.9044,845
Tab_NuLo_10747,TabarAir,Nueva York,Londres,5566,Boeing 747,,391
Mol_BaCi_10747,MoldaviAir,Bali,Cincinnati,15011,Boeing 747,171410.488912,1200
Mol_MePa_11380,MoldaviAir,Melbourne,París,16925,Airbus A380,,1328
Tab_LoNu_11320,TabarAir,Los Angeles,Nueva York,3944,Airbus A320,"10691,3952",305
Fly_NuBa_11380,FlyQ,Nueva York,Bali,16589,Airbus A380,205422.781408,1305
Pam_PaBa_10737,PamPangea,París,Bali,11980,Boeing 737,33000.68304,1029
Tab_LoNu_11320,TabarAir,Los Angeles,Nueva York,3944,Airbus A320,"10394,412",
Tab_CiNu_11380,TabarAir,Cincinnati,Nueva York,911,Airbus A380,10531.16,
Tab_LoRo_11380,TabarAir,Los Angeles,Roma,10077,Airbus A380,119984.8236,691
Fly_RoGi_10747,FlyQ,Roma,Ginebra,698,Boeing 747,,66
Pam_LoMe_11380,PamPangea,Londres,Melbourne,16900,Airbus A380,203178.56,1326
Fly_NuGi_11380,FlyQ,Nueva York,Ginebra,6206,Airbus A380,78198.0824,433
Tab_GiLo_11380,TabarAir,Ginebra,Londres,739,Airbus A380,,69
Tab_GiLo_10747,TabarAir,Ginebra,Los Angeles,,Boeing 747,105771.3982,
Pam_PaLo_11380,PamPangea,París,Londres,344,Airbus A380,4056.1728,42
Pam_MeLo_10747,PamPangea,Melbourne,Londres,,Boeing 747,,1326
Mol_CaCi_10747,MoldaviAir,Cádiz,Cincinnati,6624,Boeing 747,76966.9056,461
Air_BaPa_10737,Airnar,Bali,París,11980,Boeing 737,33303.44160000001,1029
Air_BaCi_10737,Airnar,Bali,Cincinnati,,Boeing 737,40591.30514400001,1340
Mol_PaLo_11320,MoldaviAir,París,Londres,,Airbus A320,923.8808,44
Mol_BaLo_10737,MoldaviAir,Bali,Londres,12553,Boeing 737,34261.856928,
Air_BaCa_10737,Airnar,Bali,Cádiz,12798,Boeing 737,33636.829824,1171
Fly_NuRo_10737,FlyQ,Nueva York,Roma,6877,Boeing 737,,542
Tab_NuRo_11380,TabarAir,Nueva York,Roma,6877,Airbus A380,,
Pam_GiPa_11380,PamPangea,Ginebra,París,411,Airbus A380,5131.2528,47
Fly_CiBa_10747,FlyQ,Cincinnati,Bali,15011,Boeing 747,"179731,386432",1200
Tab_CiLo_10747,TabarAir,Cincinnati,Los Angeles,3073,Boeing 747,36033.998,224
Tab_LoNu_10747,TabarAir,Los Angeles,Nueva York,,Boeing 747,"43304,3312",282
Air_GiBa_11380,Airnar,Ginebra,Bali,12383,Airbus A380,143147.48,845
Air_LoBa_11380,Airnar,Los Angeles,Bali,12845,Airbus A380,155912.61,
Fly_CiRo_10747,FlyQ,Cincinnati,Roma,7480,Boeing 747,82926.27200000001,
Air_CaLo_11380,Airnar,Cádiz,Los Angeles,9373,Airbus A380,"112685,9552",644
Pam_MePa_10747,PamPangea,Melbourne,París,16925,Boeing 747,193266.4396,1328
Pam_PaGi_11380,PamPangea,París,Ginebra,411,Airbus A380,5036.2296,47
Air_PaCi_11320,Airnar,París,Cincinnati,6370,Airbus A320,18291.0728,581
Tab_CiGi_10747,TabarAir,Cincinnati,Ginebra,6969,Boeing 747,77261.12160000001,484
Tab_LoNu_10737,TabarAir,Los Angeles,Nueva York,3944,Boeing 737,,319
Pam_LoBa_11380,PamPangea,Londres,Bali,12553,Airbus A380,148014.9336,856
Air_BaPa_11380,Airnar,Bali,París,11980,Airbus A380,144028.352,818
Fly_GiCi_10737,FlyQ,Ginebra,Cincinnati,6969,Boeing 737,17442.7101,549
Air_CaGi_11380,Airnar,Cádiz,Ginebra,1725,Airbus A380,,135
Mol_BaLo_10747,MoldaviAir,Bali,Londres,,Boeing 747,144520.1784,856
Pam_BaNu_10737,PamPangea,Bali,Nueva York,16589,Boeing 737,"45277,61846400001",1459
Mol_MeBa_10737,MoldaviAir,Melbourne,Bali,2779,Boeing 737,"7225,677900000001",231
Fly_CiNu_11320,FlyQ,Cincinnati,Nueva York,911,Airbus A320,2446.6727,86
Air_LoGi_11380,Airnar,Los Angeles,Ginebra,,Airbus A380,114701.4412,626
Mol_MeCa_10737,MoldaviAir,Melbourne,Cádiz,20029,Boeing 737,51123.461688,1721
Tab_RoGi_11320,TabarAir,Roma,Ginebra,698,Airbus A320,1751.98,70
Air_PaCa_11380,Airnar,París,Cádiz,1447,Airbus A380,17898.2324,116
Tab_GiLo_10747,TabarAir,Ginebra,Londres,739,Boeing 747,7877.74,69
Fly_BaBa_11380,FlyQ,Bali,Barcelona,13058,Airbus A380,"164837,92416",1070
Pam_LoMe_11380,PamPangea,Londres,Melbourne,,Airbus A380,205210.3456,1326
Tab_NuGi_10737,TabarAir,Nueva York,Ginebra,6206,Boeing 737,"15080,58",491
Mol_LoPa_10737,MoldaviAir,Londres,París,344,Boeing 737,852.6384,46
Tab_LoNu_10747,TabarAir,Los Angeles,Nueva York,3944,Boeing 747,45406.4832,282
Mol_MeLo_11380,MoldaviAir,Melbourne,Londres,16900,Airbus A380,,1326
Tab_NuGi_11380,TabarAir,Nueva York,Ginebra,6206,Airbus A380,,433
Mol_CiBa_10737,MoldaviAir,Cincinnati,Bali,15011,Boeing 737,"38694,515184",1340
Pam_MeNu_11380,PamPangea,Melbourne,Nueva York,16082,Airbus A380,203011.44864,1272
Pam_PaBa_10747,PamPangea,París,Bali,11980,Boeing 747,"140477,48",818
Tab_NuLo_10737,TabarAir,Nueva York,Londres,5566,Boeing 737,13660.6338,442
Tab_RoNu_11380,TabarAir,Roma,Nueva York,6877,Airbus A380,,478
Air_GiLo_11320,Airnar,Ginebra,Los Angeles,,Airbus A320,25425.844184,779
Mol_PaMe_11380,MoldaviAir,París,MELBoURne,,Airbus A380,,1328
Mol_BaMe_10737,MoldaviAir,Bali,MELBourNe,,Boeing 737,7360.737300000001,231
Air_CiBa_10737,Airnar,Cincinnati,Bali,15011,Boeing 737,37935.7992,1340
Fly_BaBa_10747,FlyQ,Barcelona,Bali,13058,Boeing 747,159242.83232,
Air_PaCi_11380,Airnar,París,Cincinnati,6370,Airbus A380,73637.2,444
Air_GiBa_11380,Airnar,Ginebra,Bali,12383,Airbus A380,150304.854,
Air_CiCa_10737,Airnar,Cincinnati,Cádiz,6624,Boeing 737,17384.0256,
Fly_BaBa_11380,FlyQ,Barcelona,Bali,13058,Airbus A380,"171117,464128",1070
Fly_BaRo_10737,FlyQ,Bali,Roma,12738,Boeing 737,32835.303072,1167
Air_GiCa_10737,Airnar,Ginebra,Cádiz,1725,Boeing 737,4275.585,151
Mol_CiPa_11380,MoldaviAir,Cincinnati,París,6370,Airbus A380,,444
Air_LoPa_10747,Airnar,Los Angeles,París,9099,Boeing 747,96995.34,626
Mol_PaMe_10747,MoldaviAir,París,Melbourne,,Boeing 747,195142.8128,1328
Mol_CaPa_11380,MoldaviAir,Cádiz,París,1447,Airbus A380,17730.9592,116
Fly_BaNu_11320,FlyQ,Barcelona,Nueva York,6170,Airbus A320,16911.4764,567
Pam_GiPa_10747,PamPangea,Ginebra,París,411,Boeing 747,4687.948200000001,47
Pam_MeGi_11380,PamPangea,Melbourne,GINeBrA,,Airbus A380,"218503,032384",1311
Tab_NuGi_11380,TabarAir,Nueva York,Ginebra,6206,Airbus A380,71741.36,433
Tab_RoCi_11380,TabarAir,Roma,Cincinnati,7480,Airbus A380,91656.928,518
Mol_MeLo_11380,MoldaviAir,Melbourne,Londres,,Airbus A380,207242.1312,
Tab_NuLo_10737,TabarAir,Nueva York,Los Angeles,3944,Boeing 737,10063.116,319
Mol_LoBa_10737,MoldaviAir,Londres,Bali,12553,Boeing 737,32675.659848,1153
Fly_GiRo_10747,FlyQ,Ginebra,Roma,698,Boeing 747,"8184,748000000001",66
Fly_NuBa_11380,FlyQ,Nueva York,Bali,16589,Airbus A380,205422.781408,1305
Pam_LoBa_10747,PamPangea,Londres,Bali,12553,Boeing 747,144520.1784,856
Tab_GiLo_10747,TabarAir,Ginebra,Los Angeles,9103,Boeing 747,97037.98,
Air_CaPa_11380,Airnar,Cádiz,París,1447,Airbus A380,18232.7788,116
Air_GiCi_10747,Airnar,Ginebra,Cincinnati,6969,Boeing 747,74289.54000000001,484
Pam_LoMe_10747,PamPangea,Londres,Melbourne,16900,Boeing 747,194854.5664,1326
Tab_LoLo_10747,TabarAir,Londres,Los Angeles,,Boeing 747,94584.581,605
Tab_RoNu_10747,TabarAir,Roma,Nueva York,6877,Boeing 747,,478
Fly_NuRo_10747,FlyQ,Nueva York,Roma,6877,Boeing 747,,478
Pam_NuMe_11380,PamPangea,Nueva York,Melbourne,16082,Airbus A380,,1272
Pam_BaGi_11380,PamPangea,Bali,Ginebra,,Airbus A380,"144578,9548",845
Mol_MeLo_11380,MoldaviAir,Melbourne,Londres,16900,Airbus A380,221464.6304,1326
Mol_MeCa_10747,MoldaviAir,Melbourne,Cádiz,20029,Boeing 747,226490.495712,1535
Pam_NuGi_11320,PamPangea,Nueva York,GiNEbra,6206,Airbus A320,17496.153792,569
Mol_LoPa_11380,MoldaviAir,Londres,París,344,Airbus A380,4294.771200000001,42
Pam_PaNu_10737,PamPangea,París,Nueva York,5835,Boeing 737,"14888,0025",463
Mol_MeLo_10737,MoldaviAir,Melbourne,Londres,16900,Boeing 737,43563.87360000001,1483
Mol_PaCa_11320,MoldaviAir,París,Cádiz,1447,Airbus A320,3704.6094,124
Mol_PaBa_10737,MoldaviAir,París,Bali,,Boeing 737,,1029
Fly_RoBa_10737,FlyQ,Roma,Barcelona,859,Boeing 737,2108.2437,85
Tab_LoRo_10747,TabarAir,Los Angeles,Roma,10077,Boeing 747,"113866,0692",691
Mol_CaMe_11380,MoldaviAir,Cádiz,MElbOUrnE,,Airbus A380,,1535
Air_CiCa_11380,Airnar,Cincinnati,Cádiz,6624,Airbus A380,,461
Mol_CiMe_10747,MoldaviAir,Cincinnati,Melbourne,15262,Boeing 747,,1217
Mol_CiCa_11320,MoldaviAir,Cincinnati,Cádiz,6624,Airbus A320,18328.766976,
Pam_GiNu_10737,PamPangea,Ginebra,Nueva York,6206,Boeing 737,15532.9974,491
Mol_LoPa_11320,MoldaviAir,Londres,París,344,Airbus A320,906.612,44
Tab_LoCi_11320,TabarAir,Londres,Cincinnati,6284,Airbus A320,17716.053888,575
Mol_CiLo_11380,MoldaviAir,Cincinnati,Londres,6284,Airbus A380,74822.33120000002,438
Fly_CiBa_10747,FlyQ,Cincinnati,BaRCelONa,,Boeing 747,76419.19480000001,470
Pam_BaGi_10737,PamPangea,Bali,GiNEBra,12383,Boeing 737,33484.91983200001,1140
Tab_LoRo_10747,TabarAir,Los Angeles,Roma,10077,Boeing 747,"116014,4856",691
Tab_NuRo_11380,TabarAir,Nueva York,Roma,6877,Airbus A380,83473.02600000001,
Tab_CiNu_11320,TabarAir,Cincinnati,Nueva York,911,Airbus A320,2515.271,86
Fly_BaGi_11320,FlyQ,Barcelona,GInEBrA,660,Airbus A320,"1689,732",67
Fly_BaBa_11380,FlyQ,Bali,BarcELONa,13058,Airbus A380,167977.694144,1070
Fly_BaNu_11380,FlyQ,Barcelona,Nueva York,6170,Airbus A380,,431
Fly_RoGi_11320,FlyQ,Roma,Ginebra,698,Airbus A320,1751.98,70
Mol_BaLo_11380,MoldaviAir,Bali,Londres,,Airbus A380,145112.68,856
Air_LoBa_10737,Airnar,Los Angeles,Bali,,Boeing 737,,1175
Tab_RoLo_10737,TabarAir,Roma,Londres,1433,Boeing 737,3795.5871,128
Fly_GiBa_10747,FlyQ,Ginebra,Barcelona,660,Boeing 747,7317.024,64
Fly_CiRo_11320,FlyQ,Cincinnati,Roma,7480,Airbus A320,"20892,59744",
Mol_LoCi_11320,MoldaviAir,Londres,Cincinnati,6284,Airbus A320,"17716,053888",
Fly_BaBa_10747,FlyQ,Bali,Barcelona,13058,Boeing 747,"146213,873312",1070
Tab_LoGi_11320,TabarAir,Londres,Ginebra,739,Airbus A320,"1873,4389",73
Tab_LoLo_10737,TabarAir,Los Angeles,Londres,8785,Boeing 737,22841.87850000001,687
Fly_CiBa_11320,FlyQ,Cincinnati,Barcelona,6763,Airbus A320,17654.1352,610
Mol_MeCa_10747,MoldaviAir,Melbourne,Cádiz,20029,Boeing 747,233151.98088,1535
Air_GiCi_10747,Airnar,Ginebra,Cincinnati,,Boeing 747,78004.017,484
Air_LoBa_10747,Airnar,Los Angeles,Bali,12845,Boeing 747,145252.90416,1056
Air_PaCi_10737,Airnar,París,Cincinnati,6370,Boeing 737,15633.891,503
Air_GiPa_11380,Airnar,Ginebra,París,411,Airbus A380,5226.276,47
Fly_BaGi_10737,FlyQ,Bali,GINebra,12383,Boeing 737,34110.80618400001,
Mol_MeBa_10737,MoldaviAir,Melbourne,Bali,2779,Boeing 737,,231
Tab_LoLo_11380,TabarAir,Los Angeles,Londres,8785,Airbus A380,105616.784,605
Air_CaPa_11380,Airnar,Cádiz,París,1447,Airbus A380,18400.052,
Air_PaLo_10737,Airnar,París,Los Angeles,,Boeing 737,22110.57,711
Pam_PaMe_10747,PamPangea,París,Melbourne,16925,Boeing 747,"202648,3056",
Mol_MeCa_11380,MoldaviAir,Melbourne,Cádiz,20029,Airbus A380,260060.3815680001,1535
Tab_RoLo_11380,TabarAir,Roma,Londres,1433,Airbus A380,17228.0992,115
Pam_LoPa_10737,PamPangea,Londres,París,344,Boeing 737,869.3568000000001,
Tab_RoLo_10737,TabarAir,Roma,Londres,1433,Boeing 737,3760.7652,128
Pam_MePa_10747,PamPangea,Melbourne,París,16925,Boeing 747,,
Fly_CiRo_10747,FlyQ,Cincinnati,Roma,7480,Boeing 747,"79736,8",518
Fly_CiBa_11320,FlyQ,Cincinnati,Barcelona,6763,Airbus A320,18360.300608,610
Tab_GiLo_10747,TabarAir,Ginebra,Los Angeles,9103,Boeing 747,98008.3598,626
Mol_LoPa_11320,MoldaviAir,Londres,París,344,Airbus A320,906.612,44
Mol_PaCi_11320,MoldaviAir,París,Cincinnati,6370,Airbus A320,17293.37792,581
Fly_BaRo_10737,FlyQ,Barcelona,Roma,859,Boeing 737,,85
Tab_CiRo_10737,TabarAir,Cincinnati,Roma,7480,Boeing 737,18721.692,588
Air_CaPa_11320,Airnar,Cádiz,París,1447,Airbus A320,3740.9291,124
Tab_LoNu_10737,TabarAir,Londres,Nueva York,,Boeing 737,,442
Air_GiBa_11380,Airnar,Ginebra,Bali,12383,Airbus A380,151736.3288,845
Mol_CiLo_10747,MoldaviAir,Cincinnati,Londres,6284,Boeing 747,67657.3144,
Mol_BaCi_10737,MoldaviAir,Bali,Cincinnati,15011,Boeing 737,38315.15719200001,1340
Fly_CiGi_10737,FlyQ,Cincinnati,Ginebra,6969,Boeing 737,,549
Mol_LoMe_10737,MoldaviAir,Londres,MElbouRnE,16900,Boeing 737,46126.4544,1483
Mol_PaCi_11380,MoldaviAir,París,Cincinnati,6370,Airbus A380,81000.92,444
Pam_BaGi_11380,PamPangea,Bali,Ginebra,12383,Airbus A380,154599.2784,845
Fly_RoBa_10747,FlyQ,Roma,Bali,12738,Boeing 747,"149691,676992",1049
Fly_RoBa_11380,FlyQ,Roma,Bali,12738,Airbus A380,150196.3056,869
Fly_BaCi_10737,FlyQ,Barcelona,Cincinnati,6763,Boeing 737,16762.7718,
Pam_NuPa_11380,PamPangea,Nueva York,París,5835,Airbus A380,,409
Pam_GiMe_10747,PamPangea,Ginebra,Melbourne,16674,Boeing 747,199643.004288,1311
Mol_CiBa_10737,MoldaviAir,Cincinnati,Bali,15011,Boeing 737,39453.23116800001,1340
Mol_CaMe_10737,MoldaviAir,Cádiz,Melbourne,,Boeing 737,52641.98035200001,1721
Fly_BaGi_11380,FlyQ,Bali,Ginebra,12383,Airbus A380,144578.9548,845
Mol_MeLo_10737,MoldaviAir,Melbourne,Londres,16900,Boeing 737,"43136,7768",1483
Tab_NuGi_10747,TabarAir,Nueva York,Ginebra,6206,Boeing 747,70786.87720000002,433
Tab_NuGi_11320,TabarAir,Nueva York,GiNeBra,6206,Airbus A320,17496.153792,
Mol_BaLo_10747,MoldaviAir,Bali,Londres,12553,Boeing 747,137829.4294,856
Air_BaPa_10737,Airnar,Bali,París,11980,Boeing 737,,1029
Mol_CaMe_10737,MoldaviAir,Cádiz,Melbourne,20029,Boeing 737,55679.01768000001,1721
Fly_GiBa_10747,FlyQ,Ginebra,Barcelona,660,Boeing 747,7457.736000000001,64
Pam_LoMe_10747,PamPangea,Londres,Melbourne,,Boeing 747,"202348,9728",1326
Tab_LoNu_11380,TabarAir,Los Angeles,Nueva York,3944,Airbus A380,48328.1984,
Air_GiBa_11380,Airnar,Ginebra,Bali,12383,Airbus A380,147441.9044,845
Tab_LoRo_10737,TabarAir,Londres,Roma,1433,Boeing 737,3482.19,128
Air_GiBa_10737,Airnar,Ginebra,Bali,12383,Boeing 737,"31607,26077600001",
Tab_LoCi_10747,TabarAir,Londres,Cincinnati,6284,Boeing 747,"71006,6864",438
Pam_PaNu_10747,PamPangea,París,Nueva York,5835,Boeing 747,62823.111,409
Mol_MeLo_10737,MoldaviAir,Melbourne,Londres,16900,Boeing 737,42709.68,1483
Pam_NuPa_11320,PamPangea,Nueva York,París,5835,Airbus A320,16602.53556,542
Mol_MeLo_10747,MoldaviAir,Melbourne,Londres,,Boeing 747,194854.5664,
Pam_PaMe_11380,PamPangea,París,Melbourne,16925,Airbus A380,,1328
Mol_CaCi_10737,MoldaviAir,Cádiz,Cincinnati,6624,Boeing 737,16418.2464,523
Pam_PaBa_10747,PamPangea,París,Bali,11980,Boeing 747,137923.344,818
Fly_NuBa_10737,FlyQ,Nueva York,Bali,,Boeing 737,42762.19521600001,1459
Tab_RoNu_10747,TabarAir,Roma,Nueva York,6877,Boeing 747,76974.26100000001,478
Fly_BaNu_10737,FlyQ,Barcelona,Nueva York,6170,Boeing 737,16192.548,488
Air_PaCa_10747,Airnar,París,Cádiz,1447,Boeing 747,15887.7706,116
Mol_CaCi_10747,MoldaviAir,Cádiz,Cincinnati,,Boeing 747,"74848,5504",461
Fly_BaRo_10747,FlyQ,Barcelona,Roma,859,Boeing 747,9706.3564,77
Air_LoPa_11380,Airnar,Los Angeles,París,9099,Airbus A380,"110443,662",626
Pam_LoPa_11320,PamPangea,Londres,París,344,Airbus A320,863.4399999999999,
Tab_NuGi_10737,TabarAir,Nueva York,GInEBra,6206,Boeing 737,,491
Air_CiLo_10737,Airnar,Cincinnati,Los Angeles,,Boeing 737,7990.107300000001,253
Mol_CiMe_10747,MoldaviAir,Cincinnati,Melbourne,15262,Boeing 747,177660.66864,1217
Mol_CiMe_11380,MoldaviAir,Cincinnati,MeLbOUrNE,15262,Airbus A380,201834.45568,1217
Air_PaBa_10737,Airnar,París,Bali,11980,Boeing 737,33303.44160000001,1029
Fly_BaCi_11380,FlyQ,Bali,Cincinnati,15011,Airbus A380,193101.023648,1200
Fly_CiBa_10747,FlyQ,Cincinnati,Bali,15011,Boeing 747,"173074,668416",1200
Fly_CiNu_10737,FlyQ,Cincinnati,Nueva York,911,Boeing 737,2280.1419,89
Tab_LoRo_10747,TabarAir,Londres,Roma,1433,Boeing 747,,115
Fly_BaBa_11380,FlyQ,Barcelona,Bali,13058,Airbus A380,166407.809152,1070
Tab_GiLo_10737,TabarAir,Ginebra,Londres,739,Boeing 737,1957.3893,76
Tab_NuRo_11380,TabarAir,Nueva York,Roma,,Airbus A380,85857.96960000001,478
Air_GiLo_11320,Airnar,Ginebra,Los Angeles,9103,Airbus A320,24950.59476,779
Air_BaCa_10737,Airnar,Bali,Cádiz,12798,Boeing 737,35253.98510400001,
Pam_PaBa_11380,PamPangea,París,Bali,11980,Airbus A380,"144028,352",818
Air_BaGi_10747,Airnar,Bali,Ginebra,12383,Boeing 747,132002.78,845
Tab_GiLo_10747,TabarAir,Ginebra,Londres,739,Boeing 747,8507.959200000001,69
Mol_MeCi_10737,MoldaviAir,Melbourne,Cincinnati,15262,Boeing 737,40498.63272,1359
Air_CiLo_10737,Airnar,Cincinnati,Los Angeles,3073,Boeing 737,7691.411700000001,253
Mol_PaCi_11320,MoldaviAir,París,Cincinnati,,Airbus A320,17459.6604,581
Pam_LoNu_10737,PamPangea,Londres,Nueva York,5566,Boeing 737,,442
Mol_MePa_11380,MoldaviAir,Melbourne,París,16925,Airbus A380,205513.9112,1328
Air_LoPa_10737,Airnar,Los Angeles,París,9099,Boeing 737,23658.3099,711
Tab_CiRo_10747,TabarAir,Cincinnati,Roma,7480,Boeing 747,,518
Pam_PaLo_11320,PamPangea,París,Londres,344,Airbus A320,915.2464,44
Air_BaPa_10747,Airnar,Bali,París,11980,Boeing 747,131538.004,
Fly_NuRo_11380,FlyQ,Nueva York,Roma,6877,Airbus A380,87447.93200000002,478
Pam_NuGi_11380,PamPangea,Nueva York,Ginebra,6206,Airbus A380,76763.2552,433
Mol_MeCi_10737,MoldaviAir,Melbourne,Cincinnati,15262,Boeing 737,40884.333984,1359
Air_PaCa_11380,Airnar,París,Cádiz,1447,Airbus A380,18400.052,116
Mol_BaCi_10737,MoldaviAir,Bali,Cincinnati,15011,Boeing 737,38694.515184,1340
Air_CiPa_11320,Airnar,Cincinnati,París,6370,Airbus A320,18291.0728,581
Mol_PaCi_11380,MoldaviAir,París,Cincinnati,6370,Airbus A380,79528.176,
Pam_LoPa_11320,PamPangea,Londres,París,,Airbus A320,949.784,
Air_CiPa_11380,Airnar,Cincinnati,París,6370,Airbus A380,,444
Tab_LoLo_10747,TabarAir,Londres,Los Angeles,8785,Boeing 747,94584.581,605
Pam_MeGi_10737,PamPangea,Melbourne,Ginebra,16674,Boeing 737,43402.688784,1466
Pam_BaPa_10737,PamPangea,Bali,París,11980,Boeing 737,,1029
Fly_NuGi_11380,FlyQ,Nueva York,Ginebra,6206,Airbus A380,75328.428,433
Mol_MePa_11380,MoldaviAir,Melbourne,París,16925,Airbus A380,215687.8672,
Air_BaPa_11380,Airnar,Bali,París,11980,Airbus A380,,818
Air_LoCi_11320,Airnar,Los Angeles,Cincinnati,3073,Airbus A320,"8330,2884",242
Air_CiPa_11380,Airnar,Cincinnati,París,,Airbus A380,79528.176,444
Tab_RoNu_11380,TabarAir,Roma,Nueva York,,Airbus A380,85062.98840000002,478
Fly_BaBa_10737,FlyQ,Barcelona,Bali,13058,Boeing 737,33990.18292800001,1191
Tab_LoGi_10737,TabarAir,Londres,Ginebra,739,Boeing 737,1867.6008,
Tab_GiNu_10737,TabarAir,Ginebra,Nueva York,6206,Boeing 737,"15532,9974",491
Tab_LoNu_10737,TabarAir,Londres,Nueva York,5566,Boeing 737,13795.8876,442
Pam_BaPa_11380,PamPangea,Bali,París,,Airbus A380,138488.8,818
Air_PaCa_10747,Airnar,París,Cádiz,1447,Boeing 747,16504.7714,116
Mol_CaBa_11380,MoldaviAir,Cádiz,Bali,12798,Airbus A380,149424.3288,873
Air_CaCi_11320,Airnar,Cádiz,Cincinnati,6624,Airbus A320,18328.766976,
Air_CiGi_11320,Airnar,Cincinnati,Ginebra,6969,Airbus A320,19101.47148,624
Pam_MeBa_10737,PamPangea,Melbourne,Bali,2779,Boeing 737,"7158,148200000001",231
Mol_PaMe_10737,MoldaviAir,París,Melbourne,,Boeing 737,45766.96020000001,1485
Tab_LoCi_11380,TabarAir,Londres,Cincinnati,6284,Airbus A380,78454.48320000002,438
Mol_MeCi_10737,MoldaviAir,Melbourne,Cincinnati,15262,Boeing 737,"38955,827664",1359
Pam_GiMe_10737,PamPangea,Ginebra,Melbourne,16674,Boeing 737,44245.45944000001,1466
Air_GiBa_10747,Airnar,Ginebra,Bali,12383,Boeing 747,137282.8912,845
Pam_LoNu_10747,PamPangea,Londres,Nueva York,5566,Boeing 747,"62300,238",391
Mol_MeLo_10747,MoldaviAir,Melbourne,Londres,16900,Boeing 747,194854.5664,1326
Mol_BaPa_10747,MoldaviAir,Bali,París,11980,Boeing 747,128983.868,818
Air_CaCi_10747,Airnar,Cádiz,Cincinnati,6624,Boeing 747,72024.0768,461
Air_PaCi_10737,Airnar,París,Cincinnati,6370,Boeing 737,"16872,219",503
